entity,type,frequency
Madrid,LOC,1911
España,LOC,1055
Dolores,LOC,898
Santa,LOC,486
Sevilla,LOC,389
Francia,LOC,387
Inglaterra,LOC,386
León,LOC,366
Olimpia,LOC,347
París,LOC,335
Castilla,LOC,326
Barcelona,LOC,317
Toledo,LOC,312
Roma,LOC,307
Vetusta,ORG,299
Lozano,LOC,276
Europa,LOC,267
Italia,LOC,242
Santiago,LOC,235
Mendoza,LOC,234
Flandes,LOC,232
Londres,LOC,220
Costancita,LOC,206
Navarra,LOC,204
Quintanar,LOC,201
Frígilis,LOC,197
Palacio,LOC,194
Burgos,LOC,190
Cádiz,LOC,185
Gobierno,LOC,183
Muergo,LOC,178
Montánchez,LOC,177
Magdalena,LOC,171
Turella,LOC,168
Granada,LOC,168
Valladolid,LOC,166
Plaza,LOC,159
Córdoba,LOC,158
América,LOC,155
Chisco,LOC,153
Portugal,LOC,152
Consejo,ORG,148
Valencia,LOC,144
Andalucía,LOC,133
Lara,LOC,131
Cabo,LOC,129
Coteruco,LOC,123
Alcalá,LOC,122
Ayuntamiento,LOC,122
Rosario,LOC,120
Nápoles,LOC,117
Azan,LOC,116
Maya,LOC,114
Villagarcía,LOC,111
Vetusta,LOC,110
Madrigal,LOC,104
Altamira,LOC,103
Mudarra,LOC,101
Fátima,LOC,99
Alemania,LOC,97
Gómez-Urquijo,LOC,96
Infante,LOC,95
Vegallana,LOC,93
Serosca,LOC,91
Rajatul-laj,LOC,90
Orencia,ORG,89
Austria,LOC,89
Puerto,LOC,88
Occidente,LOC,88
Africa,LOC,87
Baranda,LOC,87
Aragón,LOC,85
Aguilar,LOC,84
Marina,ORG,83
Ripamilán,LOC,82
Campillo,LOC,79
Segovia,LOC,79
Riperdá,LOC,77
Túnez,LOC,76
Cabildo,LOC,75
Birmingham,LOC,70
Prado,LOC,69
Pazos,LOC,68
Obdulia,LOC,66
Habana,LOC,65
Lisboa,LOC,64
Carolina,ORG,64
Valcárcel,LOC,63
Gracia,LOC,62
Loreto,LOC,61
Olimpia,ORG,60
Orduña,LOC,60
Bruselas,LOC,60
Cuba,LOC,59
Irlanda,LOC,59
Aragon,LOC,59
Espolón,LOC,58
Cartagena,LOC,57
Santander,LOC,56
Galicia,LOC,56
Biarritz,LOC,54
Milán,LOC,54
Alteza,LOC,53
Venus,LOC,53
Méjico,LOC,53
Nueva,LOC,53
Cauca,LOC,53
Pretoria,LOC,53
Severiana,LOC,52
República,LOC,52
Salas,LOC,51
Indias,LOC,50
Pardo,LOC,49
Mancha,LOC,49
Tarraco,LOC,49
Salamanca,LOC,48
Levante,LOC,48
Ebro,LOC,47
Asia,LOC,47
Caracol,LOC,47
Siricia,LOC,47
Buenos,LOC,46
Fuentidueña,LOC,46
Senado,ORG,46
Villalonga,LOC,46
Congreso,ORG,46
Sabadell,LOC,46
Venecia,LOC,45
Academia,ORG,45
Mediterráneo,LOC,44
Aranjuez,LOC,44
Alameda,LOC,44
Olmeda,LOC,44
Adelfa,LOC,43
Egipto,LOC,43
Mendavia,LOC,42
Holanda,LOC,42
Constantinopla,LOC,42
damasco,LOC,42
Unión,ORG,41
Medina,LOC,41
Gobierno,ORG,41
Castellana,LOC,41
Zig-Zag,ORG,40
Península,LOC,40
Escorial,LOC,40
Filipinas,LOC,40
India,LOC,40
Colonia,LOC,39
Posuna,LOC,38
Cataluña,LOC,38
Oriente,LOC,38
Bretaña,LOC,38
Candelaria,LOC,38
Mujanda,LOC,38
Estella,LOC,38
Pamplona,LOC,38
Bari,LOC,38
Barriga,LOC,38
Ministerio,LOC,38
Catedral,LOC,38
Alcázar,LOC,36
Yuste,LOC,36
Mesina,LOC,36
Espina,LOC,36
Teresina,LOC,36
Viana,LOC,36
Asturias,LOC,36
Argel,LOC,35
Gricualandia,LOC,35
Málaga,LOC,35
Manila,LOC,35
Paraíso,LOC,35
Villafría,LOC,34
Orencia,LOC,34
Pirineo,LOC,34
Parma,LOC,34
Usana,LOC,34
Gibraltar,LOC,34
Muelle,LOC,33
Albornoz,LOC,33
Albaicín,LOC,33
Mauricia,LOC,32
Bitadura,LOC,32
Tarragona,LOC,32
Henares,LOC,32
Vivero,LOC,32
Concha,LOC,31
Rusia,LOC,31
Ilerda,LOC,31
Burdeos,LOC,31
Al-Madhi,ORG,31
Cava,LOC,30
Palomares,LOC,30
Benavente,LOC,30
Grecia,LOC,30
Pacheca,LOC,29
Badajoz,LOC,29
Argamasilla,LOC,29
Monforte,LOC,29
Tablanca,LOC,29
Universidad,ORG,28
Ulloa,LOC,28
Beliasca,LOC,28
Cuenca,LOC,28
Almería,LOC,28
Guadalquivir,LOC,28
Mauricio,LOC,28
Escocia,LOC,28
Neblijar,LOC,28
Casona,LOC,27
Arenal,LOC,27
Rinconada,LOC,27
Tornó,LOC,27
Rozica,LOC,27
Lóndres,LOC,27
Muelle-Anaos,LOC,27
Villaviciosa,LOC,27
Denver,LOC,27
Orense,LOC,27
Rubín,LOC,27
Paises-Bajos,LOC,26
Grand,LOC,26
Danubio,LOC,26
Bilbao,LOC,26
Moesia,LOC,26
Sicilia,LOC,26
Molinera,LOC,26
Sagunto,LOC,25
Alcudia,LOC,25
Extremadura,LOC,25
Guadalajara,LOC,25
Unidos,LOC,25
Viaco,LOC,25
Génova,LOC,25
Noblurve,LOC,24
Caledon,LOC,24
Lituca,LOC,24
Baranda-,LOC,24
Warner,ORG,24
Mondéjar,LOC,24
Casa-Muñoz,LOC,24
Irache,LOC,23
Fuencarral,LOC,23
Loitia,LOC,23
China,LOC,23
Alpujarras,LOC,23
Upala,LOC,23
Barinaga,LOC,23
Chamberí,LOC,23
Galia,LOC,23
Lerín,LOC,23
Numancia,LOC,23
Arco,LOC,22
Messina,LOC,22
Flora-,LOC,22
Murcia,LOC,22
Nertóbriga,LOC,22
Palencia,LOC,22
Suiza,LOC,22
Concepción,LOC,22
Vega,LOC,22
Emilia,LOC,22
Clunia,LOC,22
Carolina,LOC,21
Marte,LOC,21
Colegiata,LOC,21
Mazacán,LOC,21
Alboraya,LOC,21
Sidora,LOC,21
Haro,LOC,21
Tolín,LOC,21
Pachuca,LOC,21
Tajo,LOC,21
Roncesvalles,LOC,20
Calvario,LOC,20
Barriluco,LOC,20
Sierra,LOC,20
Castilla,ORG,20
Corregidora,LOC,20
Requesens,LOC,20
Unya,LOC,20
Carrascosa,LOC,20
Maldonado,LOC,20
Almudeles,LOC,20
Corso,LOC,19
Tréveris,LOC,19
Baza,LOC,19
Brosseur,LOC,19
Astorga,LOC,19
Versalles,LOC,19
Universo,LOC,19
Valverde,LOC,19
Lebrusco,LOC,19
Señana,LOC,19
Bernardote,LOC,19
Galias,LOC,18
Imperial,LOC,18
Atenas,LOC,18
Hortaleza,LOC,18
Coruña,LOC,18
Barbacana,LOC,18
Israel,LOC,18
navarra,LOC,18
Guadarrama,LOC,18
Malta,LOC,18
Santuario,LOC,18
Adelfi,LOC,18
Lelé,LOC,18
Logroño,LOC,18
Gante,LOC,18
Thessalónica,LOC,18
Conservatorio,LOC,17
Pistañina,LOC,17
Fuensierra,LOC,17
Vitoria,LOC,17
Cizaña,LOC,17
Ceuta,LOC,17
Sacramento,LOC,17
Algeciras,LOC,17
Riosa,LOC,17
Casímiro,LOC,17
Neirivue,LOC,17
Azahrah,LOC,17
Medinat-Azahrah,LOC,17
Triana,LOC,17
Prusia,ORG,17
Neluco,LOC,17
Instituto,ORG,17
Montera,LOC,17
Mallemba,LOC,17
Monteleón,LOC,17
Caesaraugusta,LOC,17
Berna,LOC,16
Pavía,LOC,16
Leganés,LOC,16
Paz,LOC,16
Nava,LOC,16
Poniente,LOC,16
Bearne,LOC,16
Calle,LOC,16
Bradomín,LOC,16
Alhambra,LOC,16
Villamar,LOC,16
Compostela,LOC,16
Laredo,LOC,16
Arabia,LOC,16
Campana,LOC,16
Marruecos,LOC,16
Mbúa,LOC,16
Berlín,LOC,15
Vizcaya,LOC,15
Bangola,LOC,15
Bayona,LOC,15
Simancas,LOC,15
Nilo,LOC,15
Fuente-Hermosa,LOC,15
Níjar,LOC,15
Omaña,LOC,15
florida,LOC,15
Troya,LOC,15
Cerda,LOC,15
Abadesa,LOC,15
Basutolandia,LOC,15
Aires,LOC,15
Arganda,LOC,15
Viena,LOC,14
Banga,LOC,14
Bedoya,LOC,14
Isla,LOC,14
Nansa,LOC,14
Urimi,LOC,14
Florencia,LOC,14
Tomé,LOC,14
Rambla,LOC,14
Leed,LOC,14
Bellavista,LOC,14
Catalina,LOC,14
Lage,LOC,14
Universidad,LOC,14
Manzanares,LOC,14
Isidro,LOC,14
Friburgo,LOC,14
Armada,ORG,14
Llera,LOC,14
Cerrada,LOC,14
Reino,LOC,14
Allá,LOC,14
Parnaso,LOC,14
Segura,LOC,14
Olalla,LOC,13
Bajos,LOC,13
Namur,LOC,13
Valdepeñas,LOC,13
Estrecho,LOC,13
Cianea,LOC,13
Argelia,LOC,13
Sotorriva,LOC,13
Africa,ORG,13
Natal,LOC,13
Guanaja,LOC,13
Salvador,LOC,13
Progreso,LOC,13
Tafalera,LOC,13
Nela-,LOC,13
Unión,LOC,13
Perú,LOC,13
Mondoñedo,LOC,13
Esperanza,LOC,13
Lodosa,LOC,13
Gobernación,LOC,13
Elvira-,ORG,12
Saboya,LOC,12
Cinca,LOC,12
Merced,LOC,12
Amberes,LOC,12
Victoria,LOC,12
Sajonia,LOC,12
Seria,LOC,12
Villabermeja,LOC,12
Oviedo,LOC,12
Ancu-Myera,LOC,12
Nera,LOC,12
Albuérniga,LOC,12
Palermo,LOC,12
Córte,LOC,12
Canarias,LOC,12
Marsella,LOC,12
Orán,LOC,12
Halló,LOC,12
Molina,LOC,12
Chile,LOC,12
Caleta,LOC,12
Barquillo,LOC,12
Lavapiés,LOC,12
Andrinópolis,LOC,12
Vegas,LOC,12
Piniana,LOC,12
Españas,LOC,12
Vilain,LOC,12
Tudela,LOC,12
Sena,LOC,12
Habia,LOC,12
Almenara,LOC,11
Alcázares,LOC,11
Morena,LOC,11
Corfú,LOC,11
Tarumbo,ORG,11
Torcaz,LOC,11
Palideció,LOC,11
Oliva,LOC,11
Sanlúcar,LOC,11
Nordeste,LOC,11
Lonja,LOC,11
Almunia,LOC,11
Valle,LOC,11
Torrejón,LOC,11
Trascava,LOC,11
Belén,LOC,11
Ganges,LOC,11
Valdivieso,LOC,11
Medinaceli,LOC,11
Eví,LOC,11
Quizigué,LOC,11
Vilaldea,LOC,11
Puente,LOC,11
Lozoya,LOC,11
Darro,LOC,11
Scirocco,ORG,11
Provedaño,LOC,11
Cantábrico,LOC,11
Aglae,LOC,11
Gobernación,ORG,10
Guadiana,LOC,10
Viloqué,LOC,10
Misúa,LOC,10
Eresma,LOC,10
Terranova,LOC,10
Castrodorna,LOC,10
Tetuán,LOC,10
Pozo,LOC,10
Renato-,LOC,10
Arcadia,LOC,10
Calatayud,LOC,10
Teruel,LOC,10
Soto,LOC,10
Egmont,LOC,10
Ferrol,LOC,10
Villamojada,LOC,10
Ugena,LOC,10
Medinat,LOC,10
México,LOC,10
Tanasia,LOC,10
Narda,LOC,10
Sois,LOC,10
Alicante,LOC,10
Lupe-,LOC,10
Cortijo,LOC,10
Chipre,LOC,10
Ribadeo,LOC,10
Denia,LOC,10
Veracruz,LOC,10
Borgoña,LOC,10
Tolosa,LOC,10
Almudena,LOC,10
Vejer,LOC,10
Generala,LOC,10
Vaticano,LOC,9
Albarracin,LOC,9
Avieiro,LOC,9
Elven,LOC,9
California,LOC,9
rábia,LOC,9
Somodevilla,LOC,9
Cairo,LOC,9
Madrí,LOC,9
Muzay-Jacub,LOC,9
Chateau-Cambresis,ORG,9
Fairfield,LOC,9
Villadiego,LOC,9
Rhodesia,LOC,9
-Verdá,LOC,9
Tapióles,LOC,9
Pazo,LOC,9
Requena,LOC,9
Gila,LOC,9
Albacete,LOC,9
Riera,LOC,9
Costanilla,LOC,9
Azores,LOC,9
Atlántico,LOC,9
Niza,LOC,9
Chamartín,LOC,9
Curia,ORG,9
Trujillo,LOC,9
Catana,LOC,9
Apolodorín,LOC,9
Tiemblo,LOC,9
Punta,LOC,9
Avenida,LOC,9
Tarraconense,LOC,9
Aquila,LOC,9
Carraspique,LOC,9
Barranco,LOC,9
Hispania,LOC,9
Macedonia,LOC,9
Irlanda,ORG,9
Virginia,LOC,9
Bohemia,LOC,9
Saleta,LOC,9
Cartuja,LOC,9
Ministerio,ORG,9
Murta,LOC,8
Cabra,LOC,8
Reinosa,LOC,8
Casiña,LOC,8
Ortés,LOC,8
Ilergecia,LOC,8
Moléson,LOC,8
Ateneo,LOC,8
Tomillares,LOC,8
Rija,LOC,8
Paca-,ORG,8
Muralla,LOC,8
Damasco,LOC,8
Corinto,LOC,8
Sayaradur,LOC,8
Rubín,ORG,8
Cordón,LOC,8
Thesalónica,LOC,8
Araviana,LOC,8
Fisco,LOC,8
Curruca,ORG,8
Arbogasto,LOC,8
Rio,LOC,8
Morería,LOC,8
Cibeles,LOC,8
Plasencia,LOC,8
Pompeya,LOC,8
Pinar,LOC,8
Granvela,LOC,8
Solapeña,LOC,8
Feliciana,LOC,8
Tondo,LOC,8
Suecia,LOC,8
Aljafería,LOC,8
Alcazaba,LOC,8
Lugo,LOC,8
Roda,LOC,8
Getafe,LOC,8
Samaniegas,LOC,8
Pinto,LOC,8
Gravelinas,LOC,8
Trinidad,LOC,8
Spandau,LOC,8
Luxemburgo,LOC,8
Boulevard,LOC,8
Miranda,LOC,8
Manchester,LOC,8
Potosí,LOC,8
Cantabria,LOC,8
Concordia,LOC,8
Vincennes,LOC,8
Martinica,LOC,8
Avapiés,LOC,7
Bau-Mau,LOC,7
Alhamet,LOC,7
Guipúzcoa,LOC,7
Bruselas,ORG,7
Solana,LOC,7
Vallecas,LOC,7
Louvre,LOC,7
Vesubio,LOC,7
Florida,LOC,7
Finisterre,LOC,7
Huerta,LOC,7
Marina,LOC,7
Dieppe,LOC,7
Moncayo,LOC,7
Helvecia,LOC,7
Tuxtlan,LOC,7
Pallars,LOC,7
Diputación,ORG,7
Barbastro,LOC,7
National,LOC,7
Nepociano-,LOC,7
Gerona,LOC,7
Polacra,LOC,7
Aquitania,LOC,7
Ecuador,LOC,7
Rinconá,LOC,7
Fez,LOC,7
Carmona,LOC,7
Alcira,LOC,7
Lérida,LOC,7
Costa,LOC,7
Ruanda,LOC,7
Giron,LOC,7
Antillas,LOC,7
Loiro,LOC,7
Tanasio,LOC,7
Ribera,LOC,7
Naya,LOC,7
Híjar,LOC,7
Conjo,LOC,7
Villaflorida,LOC,7
Sahagún,LOC,7
Graña,LOC,7
Madruga,LOC,7
Arrabal,LOC,7
Sagrario,LOC,7
Rioseco,LOC,7
Valdivia,LOC,7
Alburquerque,LOC,7
Carnaje,LOC,6
Figueras,LOC,6
Arneses,LOC,6
Babia,LOC,6
Rocamador,LOC,6
holanda,LOC,6
Arlanza,LOC,6
Rióse,LOC,6
Garona,LOC,6
Atalaya,LOC,6
Purísima,LOC,6
Perla,LOC,6
Alina-,LOC,6
Romana,LOC,6
Hierro,LOC,6
Fornarina,LOC,6
Palma,LOC,6
Urgía,LOC,6
Malea,LOC,6
Rianzares,LOC,6
Armendáriz,LOC,6
Sastra,LOC,6
Sicoris,LOC,6
Cueva,LOC,6
Fornarina,ORG,6
Galiana,LOC,6
Cáceres,LOC,6
Villena,LOC,6
Hospicio,LOC,6
Paraguay,LOC,6
Babel,LOC,6
Gargalias,LOC,6
Peñuelas,LOC,6
Alcolea,LOC,6
Arsenal,ORG,6
Rivera,LOC,6
Giralda,LOC,6
Mallorca,LOC,6
Sura,ORG,6
Cáucaso,LOC,6
Antioquía,LOC,6
Durmió,LOC,6
Niágara,LOC,6
Abra,LOC,6
Rico,LOC,6
Sofía-,ORG,6
Chiruyu,LOC,6
Castillas,LOC,6
Congreso,LOC,6
Salisbury,LOC,6
Cantón,LOC,6
Chalet,ORG,6
Aranda,LOC,6
Sobano,LOC,6
Sardinero,LOC,6
Portillera,LOC,6
Villalegre,LOC,6
Liverpool,LOC,6
Escosura,LOC,6
Montsalvens,LOC,6
franquía,LOC,6
Talavera,LOC,6
Sultana,LOC,6
Tablada,LOC,6
Mara-Mari,LOC,6
Cartago,LOC,6
Plata,LOC,6
Béjar,LOC,6
Arguiña,LOC,6
Trápana,LOC,6
Muley-Hamida,LOC,6
Laguna,LOC,6
Ratisbona,LOC,6
cosia,LOC,6
Calpe,LOC,6
PP,ORG,6
Instituto,LOC,6
Mayoral,LOC,6
Serón,LOC,6
Rosellón,LOC,6
Smirna,LOC,6
Turquía,LOC,6
Oporto,LOC,6
Torrelaguna,LOC,6
Palestina,LOC,5
Asthon,ORG,5
Escalona,LOC,5
Ujo,LOC,5
Silla,LOC,5
Cienfuentes,LOC,5
Medinasidonia,LOC,5
Ambato,LOC,5
Moreno-Isla,LOC,5
Irán,LOC,5
Creta,LOC,5
L'Or,LOC,5
Lantañón,LOC,5
Porto,LOC,5
Havré,LOC,5
Tolón,LOC,5
Lovaina,LOC,5
Brieuc,LOC,5
Currita-,ORG,5
Madrid,ORG,5
Romano,LOC,5
Ancori,LOC,5
Obispado,LOC,5
Aveiro,LOC,5
Ambojo,LOC,5
Gallica,LOC,5
Argentina,LOC,5
Fornos,LOC,5
Fornos,ORG,5
Noguera,LOC,5
Berbería,LOC,5
Osuna,LOC,5
Tenga,LOC,5
Cochura,LOC,5
Soledad,LOC,5
Serín,LOC,5
Rinconete,LOC,5
Pallantia,LOC,5
Vacilaba,LOC,5
Ariza,LOC,5
Recreo,ORG,5
Trípoli,LOC,5
Generalife,LOC,5
Saldeoro,LOC,5
Salcedo,LOC,5
Dolores,ORG,5
Tordesillas,LOC,5
Malinas,LOC,5
Facultad,LOC,5
Simplicia,LOC,5
Carabanchel,LOC,5
Monasterio,LOC,5
Silesia,LOC,5
Bitadura,ORG,5
Sorayo,LOC,5
Bilbilis,LOC,5
Orihuela,LOC,5
Malaña,LOC,5
Palomera,LOC,5
Avila,LOC,5
Corregimiento,LOC,5
Cuevas,LOC,5
Rica,LOC,5
Rió,LOC,5
Therasia,LOC,5
Silos,LOC,5
Cabrera,LOC,5
Desamparados,LOC,5
Ali-Zeir,ORG,5
Respetilla-,LOC,5
Gallaecia,LOC,5
Guinea,LOC,5
Curzolari,LOC,5
Galilea,LOC,5
Rebollo,LOC,5
Aluch-Alí,LOC,5
Aldea,LOC,5
Hamburgo,LOC,5
Hervía,LOC,5
Sepulcro,LOC,5
Ocaña,LOC,5
Montserrat,LOC,5
Olivares,LOC,5
Santianes,LOC,5
Sirio,LOC,5
Grijalba,LOC,5
Bolonia,LOC,5
Pontificado,LOC,5
Traslacerca,LOC,5
Noruega,LOC,5
Babylonia,LOC,5
Esquilache-,LOC,5
Cambridge,LOC,5
Durban,LOC,5
Urbino,LOC,5
Foja,ORG,5
Nínive,LOC,5
Vergara,LOC,5
Serafina,LOC,5
Azpeitia,LOC,5
Molins,LOC,5
Matalerejo,LOC,5
Viella,LOC,5
Nicea,LOC,5
Catalina-,LOC,5
Principado,LOC,5
Guadix,LOC,5
Lusitania,LOC,5
Royale,LOC,5
Caórnica,LOC,5
Peñalba,LOC,4
Loanda,LOC,4
Santa,ORG,4
Abenfarax,LOC,4
Roa,LOC,4
Muergo-,LOC,4
Pardos,LOC,4
Sereis,LOC,4
Beneficencia,LOC,4
Bengala,LOC,4
Sierra-Morena,LOC,4
Acaeció,LOC,4
Guadalupe,LOC,4
Redondo,LOC,4
Soria,LOC,4
Chianti,LOC,4
Escolo,LOC,4
Tuy,LOC,4
Vilamorta,LOC,4
Ruego,LOC,4
Urania,LOC,4
Andarax,LOC,4
Trinitarias,LOC,4
Persépolis,LOC,4
Padilla,LOC,4
Taba-Basio,LOC,4
Calais,LOC,4
Aben-Abóo,LOC,4
Caya,LOC,4
Atienza,LOC,4
Canalla,LOC,4
Augusta,LOC,4
Asiria,LOC,4
Perales,LOC,4
Tunez,LOC,4
Dudaba,LOC,4
Rectoral,ORG,4
Fontela,LOC,4
Américas,LOC,4
Cefalonia,LOC,4
Malespina-,LOC,4
Uganda,LOC,4
Churruca,LOC,4
Meneses,LOC,4
Midland,ORG,4
Cañada,LOC,4
Utrech,LOC,4
Muley-Hacem,LOC,4
Illyricum,LOC,4
Praetextato,LOC,4
Ciudadela,LOC,4
Havre,LOC,4
Campania,LOC,4
Gothalandia,LOC,4
Paris,LOC,4
Coimbra,LOC,4
Turnovense,LOC,4
Aguila,LOC,4
Barca,LOC,4
Politécnica,ORG,4
Beltrand,LOC,4
Almohaza,LOC,4
Politécnica,LOC,4
Villavieja,LOC,4
Gállego,LOC,4
Mjudsu,LOC,4
Gimena,LOC,4
Bactriana,LOC,4
Irún,LOC,4
Covadonga,LOC,4
Burdigala,LOC,4
Temia,LOC,4
Kessman-,LOC,4
Chateaubriand,LOC,4
Villanueva,LOC,4
-Santiago,LOC,4
Piedrahita,LOC,4
Sahara,LOC,4
Valerosa,LOC,4
Mombúa,LOC,4
Líbano,LOC,4
monterilla,LOC,4
Luchana,LOC,4
Orencia-,ORG,4
Erzerum,LOC,4
Malla,LOC,4
Grazalema,LOC,4
Lyón,LOC,4
Vera,LOC,4
Gregoria,LOC,4
Novelda,LOC,4
Urdax,LOC,4
Crecia,LOC,4
Garduña,LOC,4
Cárcar,LOC,4
Hortichuela,LOC,4
Canana,LOC,4
Capitolio,LOC,4
Garganta,LOC,4
Congo,LOC,4
Umbría,LOC,4
Bethania,LOC,4
Pisuerga,LOC,4
Australia,LOC,4
Turia,LOC,4
Etheria,ORG,4
Bélgica,LOC,4
Peracamps,LOC,4
Boria,LOC,4
Casa-Guadiana,LOC,4
Miserere,LOC,4
Almendral,LOC,4
Campóo,LOC,4
Ripoll,LOC,4
Alzó,LOC,4
Botín,LOC,4
Paca,LOC,4
Gandía,LOC,4
Mochi,LOC,4
Brasil,LOC,4
Luégo,LOC,4
Montevideo,LOC,4
Illana,LOC,4
Concejo,LOC,4
Cruz-,LOC,4
Moneada,LOC,4
Capua,LOC,4
Pacífico,LOC,4
Floridablanca,LOC,4
Espinosa,LOC,4
Oceanía,LOC,4
Plazuela,LOC,4
Robledal,LOC,4
-Fátima,LOC,4
Saint-Germain,LOC,4
Guadalete,LOC,4
Coburgo,LOC,4
Segontia,LOC,4
Almagro,LOC,4
Chinchón,LOC,4
Osca,LOC,4
Góngora,LOC,4
Lililá,LOC,4
Chiclana,LOC,4
Lucena,LOC,4
Canela,LOC,4
Sidonia,LOC,4
Cebrián-,LOC,4
Vicenta,LOC,4
Ficóbriga,LOC,4
Tribiana,LOC,4
Brabante,LOC,4
Tarazona,LOC,4
Matapuerca,LOC,4
Tiburcia,LOC,4
Orleans,LOC,4
Treviño,LOC,4
Rioja,LOC,4
Epiro,LOC,4
Padua,LOC,4
Mina,LOC,4
Huesca,LOC,3
Georgia,LOC,3
Santofimia,LOC,3
Chisco-,LOC,3
Cañete,LOC,3
Magallanes,LOC,3
Ebru,LOC,3
Polchinela,LOC,3
Tafalla,LOC,3
Mpororo,LOC,3
Sertorio,LOC,3
Unido,LOC,3
Moreno-Isla,ORG,3
Téllez-Ponce,LOC,3
lozano,LOC,3
Villuendas,ORG,3
Astigar,LOC,3
Filipinas,ORG,3
Villabona,LOC,3
Cerdeña,LOC,3
Basilea,LOC,3
Antequera,LOC,3
Mimbreras,LOC,3
Encerrada,LOC,3
Embajada,LOC,3
Aldonza,LOC,3
Cardona,LOC,3
Médicis,LOC,3
Carrara,LOC,3
Telesfora,LOC,3
Pomar,LOC,3
Avellanos,LOC,3
Albión,ORG,3
República,ORG,3
Figueroa,LOC,3
Madriz,LOC,3
Algara,LOC,3
Tanganyica,LOC,3
Tebas,LOC,3
Vivaaa,LOC,3
asia,LOC,3
Continente,LOC,3
Tarteso,LOC,3
Moncada,LOC,3
Sinaí,LOC,3
Sudafricana,ORG,3
Vulcano,LOC,3
Cherburgo,LOC,3
Melilla,LOC,3
Lebrija,LOC,3
SS,ORG,3
Nájera,LOC,3
Romana,ORG,3
Hacha,LOC,3
Frisia,LOC,3
Llenaba,LOC,3
Midlebourg,LOC,3
Mármara,LOC,3
Somosierra,LOC,3
Siracusa,LOC,3
Bechuanalandia,LOC,3
Villahermosa,LOC,3
Sheffield,LOC,3
Dóriga,LOC,3
Alcorcón,LOC,3
Molinero-,LOC,3
Turín,LOC,3
Toisón,LOC,3
Lieja,LOC,3
Molinera-,LOC,3
Cambray,LOC,3
Montijo,LOC,3
Peral,LOC,3
Vive,LOC,3
Turruégano,LOC,3
Elche,LOC,3
tizona,LOC,3
Suez,LOC,3
Tejada,LOC,3
Calcuta,LOC,3
Albania,LOC,3
Caprera,LOC,3
Morea,LOC,3
Spa,LOC,3
Abruzzos,LOC,3
Almanzora,LOC,3
Guéjar,LOC,3
Peterrsburrgo,LOC,3
Tarento,LOC,3
Frontera,LOC,3
Monterrubio,LOC,3
Alcántara,LOC,3
Petala,LOC,3
Colmenar,LOC,3
Monserrate,LOC,3
Gales,LOC,3
Edimburgo,LOC,3
Montañesa,LOC,3
Villuendas,LOC,3
Siberia,LOC,3
Estremadura,LOC,3
Cabarga,LOC,3
Chalet,LOC,3
Trouville,LOC,3
Hezdín,LOC,3
Temple,LOC,3
Mahón,LOC,3
Armenia,LOC,3
Alcolado,LOC,3
quídam,LOC,3
Durango,LOC,3
Frisaba,LOC,3
Enramada,LOC,3
Flesinga,LOC,3
Neri,LOC,3
Rocafort,LOC,3
Vió,LOC,3
Alcañices,LOC,3
Milan,LOC,3
Angra,LOC,3
Cuarte,LOC,3
Tormes,LOC,3
Italiens,LOC,3
Vilorda,LOC,3
Aosta,LOC,3
Lyon,LOC,3
Bara-,LOC,3
Alcoy,LOC,3
Trujillos,LOC,3
HABIAN,ORG,3
Norabuena,LOC,3
Sarriá,LOC,3
Liria,LOC,3
Conchilla,LOC,3
Madrigales,LOC,3
Puertaferrisa,LOC,3
Eritaña,LOC,3
Sentiria,LOC,3
Llovía,LOC,3
Genil,LOC,3
Balira,LOC,3
Aniceta,LOC,3
Olympia,LOC,3
Cidoncha,LOC,3
Isona,LOC,3
Ribagorzana,LOC,3
España,ORG,3
Asunción,LOC,3
Guindalera,LOC,3
Granja,LOC,3
Arca,LOC,3
Rodas,LOC,3
Mesía-,LOC,3
Láctea,LOC,3
Bulgaria,LOC,3
Saint-Lazare,LOC,3
mandria,LOC,3
Niam-Niam,LOC,3
Góndola,LOC,3
Navia,LOC,3
Ulfilas,LOC,3
Ecija,LOC,3
Latina,LOC,3
Sevilla,ORG,3
Abada,LOC,3
Camoirán,LOC,3
Henriette,LOC,3
Ronquera,LOC,3
Guadiela,LOC,3
Callao,LOC,3
Pontevedra,LOC,3
Banco-,LOC,3
Sevres,LOC,3
Ponto,LOC,3
Pentápolis,LOC,3
Weimar,LOC,3
Bobadilla,LOC,3
Ardea,LOC,3
Paular,LOC,3
Débese,LOC,3
Bena,LOC,3
Bartulumé,LOC,3
Absorta,LOC,3
Ecbátana,LOC,3
Celtiberia,LOC,3
Rinconá,ORG,3
Nivaria,LOC,3
Lepe,LOC,3
montecristo,LOC,3
Sovereign,ORG,3
Numancia,ORG,3
Miño,LOC,3
Septimanca,LOC,3
Agencia,ORG,3
Tortosa,LOC,3
Secretaría,ORG,3
Armida,LOC,3
Moncloa,ORG,3
Costancita-,LOC,3
dehesa,LOC,3
Cascantum,LOC,3
Utrecht,LOC,3
Pozuelo,LOC,3
Encomienda,LOC,3
Montico,LOC,3
Patera,LOC,3
Mezquita,LOC,3
Germania,LOC,3
Ville,LOC,3
Arlanzón,LOC,3
Oca,LOC,3
Buitrago,LOC,3
Iria,LOC,3
Braga,LOC,3
Cincinato,LOC,3
Cabreira,LOC,3
Cascante,LOC,3
Ooralia,LOC,3
Quintana,LOC,3
Ulloa-,LOC,3
Hermoso,LOC,3
Villamarino,LOC,3
Fraga,LOC,3
Oesarina,ORG,3
Vado,LOC,3
Marchena,LOC,3
Arimu,LOC,3
Viyata,LOC,3
Pichín,ORG,3
Ostia,LOC,3
Toisón,ORG,3
Vigo,LOC,3
Tínima,LOC,3
Cané,LOC,3
Siria,LOC,3
Honda,ORG,3
Carboneras,LOC,3
Santurce,LOC,3
Aben-Hamet,LOC,3
Nindú,LOC,3
Pannonia,LOC,3
Hiram-al-Saleki,LOC,3
Illyria,LOC,3
Salacia,LOC,3
Roca-Tajada,LOC,3
Cerrico,LOC,3
Alamir-Abu-Abdalla,LOC,3
Algufia,LOC,3
Dacia,LOC,3
Elduayen,LOC,3
Monte-Santo,LOC,3
Segoviana,LOC,3
Antojábasele,LOC,3
Fenicia,LOC,3
Guardo,LOC,3
Nicopolis,LOC,3
Dígole,LOC,3
Egeo,LOC,3
Toscana,LOC,3
Romania,LOC,3
Ángela-,ORG,3
Arlés,LOC,2
Almansa,LOC,2
Albolote,LOC,2
Valenciano,LOC,2
Colombia,LOC,2
Tejar,LOC,2
Severiana-,LOC,2
Ahmed-Ebn-Yuzef,LOC,2
Uceda,LOC,2
Comunidad,LOC,2
Bibarrambla,LOC,2
Almadén,LOC,2
Polinesia,LOC,2
Rubia,LOC,2
Tordehumos,LOC,2
-Oidme,LOC,2
Adra,LOC,2
Melitona,LOC,2
Ruiz-Ochoa,LOC,2
Terouanne,LOC,2
Esquilache,LOC,2
Algarbes,LOC,2
Padules,LOC,2
Citerea,LOC,2
Villamayor,LOC,2
Bérchul,LOC,2
Bailén,LOC,2
Etna,LOC,2
Montilla,LOC,2
Superiora-,LOC,2
Grimaldi-,LOC,2
Castella,LOC,2
Arreció,LOC,2
Bermejos,LOC,2
Aben-Humeya,LOC,2
Tíjola,LOC,2
Monferrat,LOC,2
Soldan,LOC,2
Galera,LOC,2
Acariciaba,LOC,2
Sanchís,LOC,2
Nisia,LOC,2
Boñigones,LOC,2
Abu-Abdalla,LOC,2
Olmedo,LOC,2
Sión,LOC,2
Purchena,LOC,2
Villar,LOC,2
Loaisa,LOC,2
Palacios,LOC,2
Greda,LOC,2
Palanca,LOC,2
Ponferrada,LOC,2
Santisteban,LOC,2
Bierzo,LOC,2
Monte-Sorayo,LOC,2
Francfort,LOC,2
Praga,LOC,2
Nevada,LOC,2
Barrionuevo,LOC,2
Abroñigal,LOC,2
Teberga,LOC,2
Campó,LOC,2
Trastamara,LOC,2
Wellington,LOC,2
Ortuño,LOC,2
Monferrato,LOC,2
Monteagudo,LOC,2
Cigales,LOC,2
Huerto,LOC,2
Salmerón,LOC,2
ALGARA,ORG,2
Singapore,LOC,2
Alsacia,LOC,2
Eujenia,LOC,2
Córcholis,LOC,2
Almazara,LOC,2
Gildo,LOC,2
Bedmar,LOC,2
Monfort,LOC,2
Briena,LOC,2
Feliciana-,LOC,2
Edén,LOC,2
Nona,LOC,2
Campuco,LOC,2
Bergamesco,LOC,2
Inmaculada,LOC,2
Florín,LOC,2
Séfora,LOC,2
Buenavista,LOC,2
Prisca,LOC,2
Española,ORG,2
Balsaín,LOC,2
Filis,ORG,2
Caseta,LOC,2
Ribagorza,LOC,2
Pedrola,LOC,2
Oropesa,LOC,2
Galapagar,LOC,2
tejavana,LOC,2
Montblanch,LOC,2
Adrianópolis,LOC,2
Taverne,LOC,2
Montmartre,LOC,2
Alcaldía,LOC,2
Thacia,LOC,2
Washington,LOC,2
Latino,LOC,2
Samaria,LOC,2
Tarso,LOC,2
Frigia,LOC,2
Gallia,LOC,2
Nicomacho,LOC,2
Libya,LOC,2
Robla,LOC,2
Bellevue,LOC,2
Sarapia,LOC,2
Porte,LOC,2
Philippópolis,LOC,2
Acaya,LOC,2
Caldea,LOC,2
Thesalia,LOC,2
Bethlem,LOC,2
Urgell,LOC,2
Aben-Jucef,LOC,2
Ponza,LOC,2
Monzón,LOC,2
ANGUSTIAS.-,LOC,2
Burgos-,LOC,2
Abd-El-Resak-,LOC,2
Aben-Zohar-,LOC,2
Nola,LOC,2
Betis,LOC,2
Basora,LOC,2
Mérida,LOC,2
Latroniano,LOC,2
Balaám,LOC,2
Constancia,LOC,2
Urgel,LOC,2
Hins-al-Gebel,LOC,2
Sura,LOC,2
Alquibla,LOC,2
Almumenin,LOC,2
Odollam,LOC,2
Tomillo,LOC,2
Bethleem,LOC,2
Montano,LOC,2
Teja,LOC,2
Fuesen,LOC,2
Alagón,LOC,2
Perduraba,LOC,2
Vilavert,LOC,2
Rívoli,LOC,2
Luzola,LOC,2
Vería,LOC,2
Lugoves,LOC,2
Indostán,LOC,2
Orfila,LOC,2
Vació,LOC,2
Bolo,LOC,2
Valdemoro,LOC,2
Turdetania,LOC,2
Noguera-Ribagorzana,LOC,2
Brigantium,LOC,2
Rhodore,LOC,2
Bósphoro,LOC,2
Tesalia,LOC,2
Asturica,LOC,2
Osma,LOC,2
Randa,LOC,2
Valdeflores,LOC,2
Treveris,LOC,2
Bortina,LOC,2
Nertobriga,LOC,2
Limbo,LOC,2
Alhama,LOC,2
Capadocia,LOC,2
Cuatre,LOC,2
Principiaba,LOC,2
Encarnación,LOC,2
Tejares,LOC,2
Fregenal,LOC,2
Oceano,LOC,2
Cervera,LOC,2
Brest,LOC,2
Pallaresa,LOC,2
Tabarin,LOC,2
Concha-,LOC,2
Rendón,LOC,2
Syria,LOC,2
Glorieta,LOC,2
Pomponia,LOC,2
Cinga,LOC,2
Cidoncha-,LOC,2
Hibernia,LOC,2
Balaguer,LOC,2
Mejana,LOC,2
Lora,LOC,2
Chirriaban,LOC,2
Dertosa,LOC,2
Carraixet,LOC,2
Lazan,LOC,2
Armendáriz-,LOC,2
Salduba,LOC,2
Sylvia,LOC,2
Walia,LOC,2
Tirlemont,LOC,2
Ligo,LOC,2
Sichem,LOC,2
Piamonte,LOC,2
Carignano,LOC,2
Vírgen,LOC,2
Rúa-Mayor,LOC,2
Seda,LOC,2
Villamizares,LOC,2
Nelet,LOC,2
Vallcarca,LOC,2
Silda,LOC,2
Mazote,LOC,2
Colindres,LOC,2
Maastricht,LOC,2
Pomona,LOC,2
Hesse,LOC,2
Dourlens,LOC,2
Rabiaba,LOC,2
Recuerno,LOC,2
Barceloneta,LOC,2
Hácia,LOC,2
Hano,LOC,2
Pico-Medelo,LOC,2
Yerba,LOC,2
Monte-Olivete,LOC,2
Albufera,LOC,2
escudara,LOC,2
Dunquerque,LOC,2
Gomenizza,LOC,2
Ahmed-Bey,LOC,2
Gilimon,LOC,2
Oxia,LOC,2
Barraceta,LOC,2
Reñales,LOC,2
Favara,LOC,2
Camarin,LOC,2
Candía,LOC,2
Torrigiani-,LOC,2
Villalón,LOC,2
Seo,LOC,2
Bermejo,LOC,2
Aragonés,LOC,2
Ferrara,LOC,2
Capri,LOC,2
Rusias,LOC,2
Groninga,LOC,2
Fuenterrabía,LOC,2
Hungría,LOC,2
Sorrento,LOC,2
Vinca,LOC,2
Falangola,LOC,2
Roquet,LOC,2
Sotileza-,LOC,2
Muley-Hamet,LOC,2
Meusa,LOC,2
Moravia,LOC,2
Erguida,LOC,2
Vizca,LOC,2
Molnedo,LOC,2
Talín,LOC,2
Nantes,LOC,2
Provenza,LOC,2
Alpujarra,LOC,2
Golfo,LOC,2
Archena,LOC,2
Rosaura,LOC,2
Monreal,LOC,2
Carpió,LOC,2
Aoiz,LOC,2
Regíala,LOC,2
Tarumbo,LOC,2
Caspe,LOC,2
Castañalera,LOC,2
Polonia,LOC,2
Indiana,LOC,2
Caldas,LOC,2
Yucatán,LOC,2
Nervión,LOC,2
Cuevona,LOC,2
Artois,LOC,2
Vuecencia,LOC,2
Soldao,LOC,2
Sula-,LOC,2
Borde,LOC,2
Reganche,LOC,2
Puntida,LOC,2
Ponce,LOC,2
Catuxa-,LOC,2
Manises,LOC,2
Palombera,LOC,2
Dióle,LOC,2
Vallehermoso,LOC,2
Prao-Concejo,LOC,2
Puertu,LOC,2
Galizano,LOC,2
Inguazo,LOC,2
Saja,LOC,2
Marquesado,LOC,2
Massillon,LOC,2
Cebú,LOC,2
Mahonesa,LOC,2
Esparragueras,LOC,2
Cevil,ORG,2
Salmerón,ORG,2
Fátima,ORG,2
Dinamarca,LOC,2
Constancita,LOC,2
Denver,ORG,2
Maestranza,LOC,2
Alina-,ORG,2
Etruria,LOC,2
Olivenza,LOC,2
Patagonia,LOC,2
Tucumán,LOC,2
Archidona,LOC,2
Marcilla,LOC,2
Barbacana-,ORG,2
Pazos,ORG,2
Tinte,LOC,2
Baeza,LOC,2
Loja,LOC,2
Esparció,LOC,2
Montecristo,LOC,2
Baleares,LOC,2
Cilicia,LOC,2
Haedo,LOC,2
Villamelón,LOC,2
Otomana,LOC,2
Nottingham,LOC,2
Genova,LOC,2
Petit-Club,LOC,2
Corria,LOC,2
Tagle,LOC,2
Devinter,ORG,2
Sofocada,ORG,2
Adornaban,ORG,2
Samos,LOC,2
Pretoria,ORG,2
Guadalbarbo,LOC,2
Castañeda,LOC,2
Secretaría,LOC,2
Libia,LOC,2
Caldera,ORG,2
Sanchico,LOC,2
Diosmio,ORG,2
Palpitó,LOC,2
Tórnam,ORG,2
Henar,LOC,2
Legarda,LOC,2
Farsalia,LOC,2
Miserere,ORG,2
Napoles,LOC,2
esterminio,LOC,2
Universo,ORG,2
Esgueva,LOC,2
Filadelfia,LOC,2
Hallaba,LOC,2
Bernardote,ORG,2
Hareis,LOC,2
Boadilla,LOC,2
Temeis,LOC,2
Daoiz,LOC,2
Cisneros,LOC,2
Borja,LOC,2
Sodoma,LOC,2
Campillo-,ORG,2
Purgatorio,LOC,2
Vibró,LOC,2
Meneses,ORG,2
Bernesga,LOC,2
Candelas,LOC,2
Izarraiz,LOC,2
Aragonesa,LOC,2
Tubinga,LOC,2
Ronzal,LOC,2
ISABEL,LOC,2
Barcaza,LOC,2
Rodaba,LOC,2
Vinagre,LOC,2
Petersburgo,LOC,2
Rreal,LOC,2
Lozano-,ORG,2
Petra-,LOC,2
Abroño,LOC,2
Mudela,LOC,2
Valenciano,ORG,2
Vegetar,LOC,2
Cestona,LOC,2
Corro,LOC,2
Madama,ORG,2
Belvedere,LOC,2
Chinto,LOC,2
Osa,LOC,2
Venecia,ORG,2
Arciprestazgo,LOC,2
Helesponto,LOC,2
Sinforosa,LOC,2
Delfos,LOC,2
Asís,LOC,2
Cerda,ORG,2
Roma,ORG,2
Perchel,LOC,2
Corralada,LOC,2
Tamaza,LOC,2
Orgaz,LOC,2
Frascuelo,ORG,2
Sobrón,LOC,2
Angola,LOC,2
Guiñaba,LOC,2
Paix,LOC,2
Facultad,ORG,2
Ejército,ORG,2
Rauda,LOC,2
Sarine,LOC,2
Fiat,ORG,2
Corregidora-,ORG,2
Monterrrubio,LOC,2
Bílbilis,LOC,2
Calle,ORG,2
Absorto,LOC,2
Sardona,LOC,2
Mileto,LOC,2
Tais,LOC,2
Malí,ORG,2
Cercle,ORG,2
Pall,ORG,2
Mónaco,LOC,2
Bagdad,LOC,2
Cielo-,ORG,2
Albeuve,LOC,2
Encaminábase,LOC,2
Tarsa,LOC,2
Fuente-Hermoso,LOC,2
Léucades,LOC,2
Molinera-,ORG,2
Arrepintióse,LOC,2
Oreja,LOC,2
Estrago,LOC,2
Cruzado,LOC,2
Balandrán,LOC,2
Tarrasa,LOC,2
Peñarrón,LOC,2
Tai-Sam,LOC,2
Alarcon,LOC,2
Nirvana,ORG,2
Maguncia,LOC,2
Caspitina,LOC,2
Tetrarca,ORG,2
Esparta,LOC,2
Chamberlain,LOC,2
Risoma,LOC,2
Arriaza,LOC,2
Lacio,LOC,2
Britannia,LOC,2
Majuba,LOC,2
Muno,LOC,2
Partenón,LOC,2
Maseru,LOC,2
Ulfilas,ORG,2
Guarida,LOC,2
Ateneo,ORG,2
Cale-don,LOC,2
Taba,LOC,2
Espronceda,LOC,2
Maalena,LOC,2
Moya,LOC,2
Baigorri,LOC,2
Crevillente,LOC,2
Tugela,LOC,2
Ladysmith,LOC,2
Llobregat,LOC,2
Adah,LOC,2
Escolástica,ORG,2
Cannes,LOC,2
Cubas,LOC,2
Haya,LOC,2
Trafalgar,LOC,2
Talay,LOC,2
Bacuru,LOC,2
Baztán,LOC,2
Ndjiru,LOC,2
Berlinga,LOC,2
Taillerand,LOC,2
Nyanza,LOC,2
Ruámpara,LOC,2
Bordelaise,ORG,2
Amsterdam,LOC,2
Ateza,LOC,2
Briviesca,LOC,2
Tongo,LOC,2
Lombardía,LOC,2
murria,LOC,2
-Calle,LOC,2
Agramont,LOC,2
Puebla,LOC,2
Esquivó,LOC,2
Sinodal,ORG,2
Petit-Club,ORG,2
Reims,LOC,2
CONDESA,ORG,2
Hurrah,LOC,2
Bruin,ORG,2
Giac,LOC,2
Montereux,LOC,2
Sigismunda,LOC,2
Indiano,ORG,2
Rueda,LOC,2
Paredes,LOC,2
Perfeuto,LOC,2
Catania,LOC,2
Waterloo,LOC,2
Trieste,LOC,2
Tongaland,LOC,2
Canaán,LOC,2
Munich,LOC,2
Hortichuela,ORG,1
Salimón,LOC,1
mayoraal,LOC,1
Navalcarnero,LOC,1
Caracas,LOC,1
Colina,ORG,1
Aben-Raghel,ORG,1
Stellae,LOC,1
Rodéanle,LOC,1
Sebaste-Jacques,LOC,1
Voragine,LOC,1
Volviose,LOC,1
Vasconia,LOC,1
Llanura,LOC,1
Ezta,ORG,1
Talín,ORG,1
Calina,LOC,1
Sanhedrín,LOC,1
Villa-María,LOC,1
Villa-Teresa,LOC,1
Perea,LOC,1
Mendigaba,LOC,1
calcedonia,LOC,1
Urna,LOC,1
Soberbia,LOC,1
Chartreuse,LOC,1
Quoniam,LOC,1
hermosota,LOC,1
Espadan,LOC,1
Humea,LOC,1
Berea,LOC,1
Tesalónica,LOC,1
Galacia,LOC,1
PUES,ORG,1
florida,ORG,1
TUYO,ORG,1
Villa-Conchita,LOC,1
Centelles,LOC,1
Cendal,LOC,1
Alberique,LOC,1
Turingia,LOC,1
Sinagoga,LOC,1
Licaonia,LOC,1
Sabia,LOC,1
Sotorriba,LOC,1
aragon,ORG,1
La-Cerdas,ORG,1
Austria,ORG,1
Peñavieja,LOC,1
Bulnes,LOC,1
Magnificentia,LOC,1
Pedreguera,ORG,1
Averte,LOC,1
BARCELONA,ORG,1
Vallombrosa,LOC,1
Filigrana,ORG,1
Pinares,LOC,1
IBA,ORG,1
Bejo,LOC,1
GERRA,ORG,1
Peñón,LOC,1
Salgueru,LOC,1
ChateauCambresis,ORG,1
Peñarroja,LOC,1
Canelo,LOC,1
Andara,LOC,1
Crato,ORG,1
Alteza,ORG,1
Sotos-Cueva,LOC,1
Trastajo,LOC,1
Túvele,LOC,1
Brañosera,LOC,1
Remangaba,LOC,1
Ejército,LOC,1
Bribonaza,ORG,1
Chindasvinto,LOC,1
-Regada,LOC,1
Corpiño,LOC,1
Sursumcorda,LOC,1
Calló,LOC,1
Volga,LOC,1
Asilo,ORG,1
Bribona,ORG,1
Progreso,ORG,1
Sordo-Mudos,ORG,1
Alumbró,LOC,1
Negaba,ORG,1
ojinegra,LOC,1
Isla-Bonilla,ORG,1
jayar,LOC,1
Aparisi-,ORG,1
Botín,ORG,1
Campoés,LOC,1
Polichinela,ORG,1
Yuso,LOC,1
Pacheco-,ORG,1
Comio,ORG,1
Olmedo-,ORG,1
Abd-El,LOC,1
Juncal-,LOC,1
Alfaquí,LOC,1
Gascuña,LOC,1
Adelf,ORG,1
Adelfa,ORG,1
Aben-Musio,LOC,1
Brieria,LOC,1
Avivó,LOC,1
Barbasa,LOC,1
Sierpe,LOC,1
simon,ORG,1
Valmaseda,LOC,1
Arabía,LOC,1
Servia,ORG,1
Comorin,LOC,1
Aly-Zeir,LOC,1
Ciudad-Real,LOC,1
Meonia,LOC,1
Cachemira,LOC,1
Romanía,LOC,1
Taciano-,ORG,1
Niger,LOC,1
Crisopeya,LOC,1
la-Georgia,LOC,1
Hlaro,LOC,1
Saldanha,LOC,1
casa-¿qué,ORG,1
Aguilera-,ORG,1
Sorbió,LOC,1
Armendáriz-,ORG,1
Algarbe,LOC,1
Alamin,LOC,1
Aben-Juzef,LOC,1
Estremecíase,ORG,1
Ahmed-Ebn-Jucef,LOC,1
Casarabonela,LOC,1
Arcedíano,LOC,1
Abdahalla,LOC,1
Lazan.-,ORG,1
Sumatra,LOC,1
Sotileza-,ORG,1
Centenil,LOC,1
Devina,ORG,1
Cilipín,LOC,1
Tablada—decían,ORG,1
Mercede,LOC,1
Sevilla—la,ORG,1
Colo-,ORG,1
Celipe,LOC,1
Hocico,ORG,1
Riotinto,LOC,1
Sobano-,ORG,1
Puntida,ORG,1
Sofía,LOC,1
Terriblela,LOC,1
Aldeacorba,LOC,1
Barcoy,LOC,1
VASO,LOC,1
Ezta,LOC,1
Torrevieja,LOC,1
Hervíale,LOC,1
Jeru-sal,LOC,1
avasalia,LOC,1
Plutón,LOC,1
Olivas,LOC,1
Lambién,LOC,1
Comparolo,LOC,1
Poesthum,LOC,1
tirreno,LOC,1
Lavi,LOC,1
Numisiano-,ORG,1
Dynamio,ORG,1
Este-mundo,LOC,1
Anudó,LOC,1
Thamiris,ORG,1
Imperial,ORG,1
Instituta,ORG,1
Riofrío,LOC,1
Mississipi,LOC,1
Inmaculada-,LOC,1
Paz,ORG,1
Lantañó,ORG,1
Liberata,ORG,1
Nelilla,LOC,1
Acaricia,LOC,1
Te-Deum,LOC,1
Nueva-Orleans,LOC,1
Esquina,LOC,1
Emancipé,LOC,1
Ruda,LOC,1
Segoviano,LOC,1
Esquilache-,ORG,1
-Lisongera,ORG,1
Medicenali,LOC,1
Gándara,LOC,1
Almeida,LOC,1
Andorra,LOC,1
Fuensanta,LOC,1
Aljucen,LOC,1
-Aljucen,LOC,1
Albujón,LOC,1
Olla,ORG,1
Atrevida,LOC,1
Hellín,LOC,1
Cieza,LOC,1
Cuenca-,ORG,1
Ronquillo-,ORG,1
Quirinal,LOC,1
Ensenada,LOC,1
Pesth,LOC,1
Molinera,ORG,1
Mara-Mari,ORG,1
Berlina,ORG,1
Walona,LOC,1
Gerónima,LOC,1
Malpica,LOC,1
Trastevere,LOC,1
Norte-,LOC,1
Varsovia,LOC,1
Frascuela,LOC,1
"asPéreza,—¿con",ORG,1
Corregimiento-,LOC,1
Europa,ORG,1
Tiróse,LOC,1
Utrera,LOC,1
Usía,LOC,1
Musa,LOC,1
Séale,LOC,1
Castañuelas:—es,ORG,1
Milcoces,LOC,1
Benoiton,LOC,1
Albuérniga-,LOC,1
Camba,LOC,1
Carcasol,LOC,1
carretela,LOC,1
Luzbel,ORG,1
Lavapies,LOC,1
El-Resak,ORG,1
Trabajaria,LOC,1
Nepociano-,ORG,1
Lambra-,ORG,1
Costará,LOC,1
asealu,ORG,1
Vallejo,LOC,1
Prao-concejo,ORG,1
Ayunais,LOC,1
Abencerrajes,ORG,1
Grinaldo,LOC,1
Pardo,ORG,1
Espiais,LOC,1
Cáceres-,ORG,1
Indía,LOC,1
Corellan,LOC,1
Rosellon,LOC,1
Gibrallar,LOC,1
Calóse,LOC,1
Tetuan,LOC,1
Toboso,LOC,1
Sportsman,ORG,1
Guadalix,LOC,1
Radica,ORG,1
Gadea,LOC,1
Áyala-,LOC,1
Cogía,ORG,1
Rubicón,LOC,1
Tarpeya,LOC,1
Argelez,ORG,1
Odedeció,LOC,1
Morón,ORG,1
Casasola,LOC,1
Cañares,LOC,1
Brenca,LOC,1
Vera-Cruz,ORG,1
Hondo,LOC,1
Sotos-Cueva,ORG,1
Espuña,LOC,1
Prao-Concejo,ORG,1
Santander,ORG,1
DU,ORG,1
Bendaña,LOC,1
Palpé,LOC,1
Lucar,LOC,1
Montenegro,LOC,1
Padín,LOC,1
Sálvora,LOC,1
Flavia-Longa,LOC,1
Florisel,LOC,1
Tor,LOC,1
Terraza,LOC,1
tírania,LOC,1
alhucema,LOC,1
Faro,LOC,1
Araucana,LOC,1
Habanera,LOC,1
Hopiciome,LOC,1
SI,ORG,1
Barbanzón,LOC,1
Deiro,LOC,1
Nam,LOC,1
Oxford,ORG,1
Fáltale,LOC,1
ORO,ORG,1
Lantañó,LOC,1
Baya,LOC,1
Colonia,ORG,1
Cabo,ORG,1
Congo,ORG,1
PAIS,ORG,1
Brousais,LOC,1
Finuca,LOC,1
"Azan,—Yo",ORG,1
Otomana,ORG,1
Oriente,ORG,1
Apóstrofe,LOC,1
Nerín,LOC,1
Sama,LOC,1
Madruga-,LOC,1
AUN,ORG,1
Chapla,LOC,1
Rojí,LOC,1
Puntal,LOC,1
Rábago,LOC,1
Cañadío,LOC,1
Hormaeche,LOC,1
Tumbatrés,LOC,1
Ilota,ORG,1
Migue!—interrumpió,ORG,1
Llenaban,LOC,1
Madona,ORG,1
Loire,LOC,1
Pinianum,LOC,1
Pallás,LOC,1
Conservatorio,ORG,1
Valsena,LOC,1
Huerva,LOC,1
Elíseo,LOC,1
Edetania,LOC,1
Nacianzo,LOC,1
Demonax,LOC,1
Cessetania,LOC,1
Pyrineo,LOC,1
Nassica,LOC,1
Surano,LOC,1
Ruanda,ORG,1
Aquitano,LOC,1
Quinya,ORG,1
Quizigué,ORG,1
Mujanda,ORG,1
Oslo,LOC,1
Hispanias,LOC,1
Mauritania,LOC,1
Renato-,ORG,1
Cisnodocea,LOC,1
Senado,LOC,1
Bretaña-,LOC,1
tyrannia,LOC,1
Ródano,LOC,1
Siscia,LOC,1
Atenaceó,ORG,1
Vénetos,LOC,1
Brosseur,ORG,1
Illigria,LOC,1
Liébana,LOC,1
Sierramorena,LOC,1
Garumna,LOC,1
agraticum,LOC,1
Pollenza,LOC,1
Ficaria,LOC,1
Almazarrón,LOC,1
Inferna-Dea,LOC,1
Proserpina,LOC,1
Hermoseaban,LOC,1
Dordoña,LOC,1
Whitechapel,ORG,1
Ripacurtia,LOC,1
Engratia,LOC,1
Illite,LOC,1
Gironde,LOC,1
Resistencia,ORG,1
Nórica,LOC,1
Dalmacia,LOC,1
Agysimba,LOC,1
Thebaida,LOC,1
Leoncia,LOC,1
Carbajosa,LOC,1
Lycopolis,LOC,1
Gricua-landia,ORG,1
Magón,LOC,1
Cphanto,LOC,1
Saserna,LOC,1
Scrofa,LOC,1
Thales,LOC,1
Mataró,LOC,1
Qarrasqal,LOC,1
Medinilla,LOC,1
Milano,ORG,1
Jame-son,ORG,1
Kongs-Aemnerne,LOC,1
Londres,ORG,1
Sícoris,LOC,1
Prades,LOC,1
Iaccetania,LOC,1
Pisa,LOC,1
Córcega,LOC,1
Massalia,LOC,1
Capraria,LOC,1
no-Ilerda,LOC,1
Antoninos,LOC,1
Baliasca,LOC,1
Otogesa,LOC,1
Bergium,LOC,1
Aemilia,LOC,1
Terentia,LOC,1
Ausomo,LOC,1
Ricinia,LOC,1
Quirina,LOC,1
Toxandria,LOC,1
Perdería,ORG,1
Armado,ORG,1
Rayo,ORG,1
Betis,ORG,1
BU,ORG,1
Bulevar,LOC,1
OhI,ORG,1
Rute,LOC,1
Nimes,LOC,1
Hafluua,ORG,1
Sime,ORG,1
Corrasón,LOC,1
Alemania,ORG,1
Muñoza,LOC,1
SRA,ORG,1
Generala-,ORG,1
Régence,ORG,1
MONCADA,ORG,1
HABIDO,ORG,1
Torrrpe,ORG,1
Carbonerrras,ORG,1
Skating-Rink,ORG,1
Sabadell,ORG,1
AGRAVIO,ORG,1
Paix,ORG,1
Serosca,ORG,1
HORNO,ORG,1
Palio,ORG,1
Sab-,ORG,1
Carabineros,ORG,1
Fernández-Enríquez,ORG,1
Funeraria,ORG,1
Monte-Cristo,ORG,1
COD,ORG,1
salsilla,LOC,1
Ontaneda,LOC,1
Magistral-,ORG,1
Lambionaza,LOC,1
-Amáñate,LOC,1
Sotileza,LOC,1
cristiandá,LOC,1
Teresina,ORG,1
Soledá,LOC,1
Feuillet,ORG,1
Baja-mar,LOC,1
Universi,ORG,1
Urros,LOC,1
Urrieles,LOC,1
Betún,LOC,1
Mucibarrenas,LOC,1
Islám,ORG,1
Suances,LOC,1
Ribadesella,LOC,1
Tinamayor,LOC,1
Tiranía,ORG,1
TRAGE,ORG,1
COLOCACION,ORG,1
Ronzal,ORG,1
Carraca,LOC,1
MARQUESA,ORG,1
Surbia,LOC,1
Rubicon,ORG,1
Limosnas,ORG,1
Cazaya,LOC,1
Bismarck-,ORG,1
Seviya,LOC,1
Yevaba,LOC,1
Escarbaba,LOC,1
Lovelace,ORG,1
Paquin,LOC,1
aquéyo,LOC,1
Candelaria-,ORG,1
Achican,ORG,1
Gorví,LOC,1
Sinco,LOC,1
Haste,LOC,1
Valladolí,LOC,1
Barselona,LOC,1
Aznalfarache,LOC,1
Atareada,LOC,1
Cansarse,ORG,1
Aznalcollar,LOC,1
Revolcón,LOC,1
Rigolade,ORG,1
montera,LOC,1
Miura,LOC,1
Huesca-,ORG,1
Ramayana,ORG,1
Gorverás,LOC,1
Dantón,LOC,1
degolver,LOC,1
Tiés,LOC,1
Tuerza,ORG,1
Clavijo,LOC,1
Rascaña,LOC,1
Robella,LOC,1
Tormos,LOC,1
Mestalla,LOC,1
Ruzafa,LOC,1
Faitanar,LOC,1
Azuleaba,LOC,1
Mislata,LOC,1
Montepín,ORG,1
Abrasaba,LOC,1
Auuu,LOC,1
Murviedro,LOC,1
Alargas,ORG,1
Henares,ORG,1
Veritat,LOC,1
Malasangre,LOC,1
Raimundete,ORG,1
Jaridilla.-,LOC,1
Hícela,LOC,1
Porte,ORG,1
saldale,ORG,1
Colmaban,ORG,1
Selesas,LOC,1
Concibes,LOC,1
Curdin-Club,ORG,1
Caserta,LOC,1
Dresde,LOC,1
acácia,ORG,1
Perdigonas,LOC,1
ascua,ORG,1
Encina,LOC,1
Coca,ORG,1
Nieremberg,ORG,1
Arcobriga,LOC,1
Caesada,LOC,1
Arriaca,LOC,1
Cocae,LOC,1
Segontioe,LOC,1
Almudébar,LOC,1
orensana,ORG,1
Orense,ORG,1
Caesaraugustam,LOC,1
Torrelavega,LOC,1
Midan,LOC,1
Ventura,LOC,1
Tumbetlum,LOC,1
Cántabra,LOC,1
"Lelé,—continúa",LOC,1
Españas,ORG,1
Milanesado,LOC,1
Mahomed-Ebu-Osman,LOC,1
Muza-Ebu-Osman,LOC,1
Horra,LOC,1
Salonuth,LOC,1
Abenut,LOC,1
Azrafael,LOC,1
Alepo,LOC,1
Islam,LOC,1
Candelario,LOC,1
Fuenlabrada,LOC,1
Santillán,LOC,1
Mahomet-Ebu-Osman,LOC,1
Costaban,ORG,1
Adormécese,LOC,1
Farnborough,LOC,1
Alcalá,ORG,1
Castro-Nuño,LOC,1
Mirara,LOC,1
Sotanillo,LOC,1
Manchega,LOC,1
Cazuela,LOC,1
CALLE,ORG,1
Galanteé,LOC,1
»(Paralización,ORG,1
RHIN,ORG,1
Ocelli,ORG,1
Francia,ORG,1
Zarini-,LOC,1
Catalina-del,LOC,1
Villalán,LOC,1
Gazuza,LOC,1
Paca-,LOC,1
Ochavo,LOC,1
Alcobendas,LOC,1
Dolores-,LOC,1
Azucena-,LOC,1
Comprendería,LOC,1
Muley-Hamida,ORG,1
Scutari,LOC,1
Bulgurhe,LOC,1
Italia,ORG,1
Borysthenes,LOC,1
Verdinegro,ORG,1
Marcianópolis,LOC,1
Flandes,ORG,1
Nicópolis,LOC,1
Nicopoli,LOC,1
Augustodumum,LOC,1
Autun,LOC,1
Casáronla,ORG,1
Bruselas-,ORG,1
Numisio,LOC,1
Kara-Kodja,ORG,1
Kara-Djalí,ORG,1
Hippona,LOC,1
Philippopolis,LOC,1
Romas,LOC,1
Falangola,ORG,1
Cádiz-,LOC,1
Piñana,LOC,1
Bethléem,LOC,1
Cecina-Alvinus,LOC,1
Laodicea,LOC,1
Saguntum,LOC,1
Octogesa,LOC,1
Malaca,LOC,1
Abaratar,LOC,1
Scythopolis,LOC,1
Rumelia,LOC,1
Heraclea,LOC,1
Sardica,LOC,1
Salónica,LOC,1
Bregecio,LOC,1
Rivera,ORG,1
Igualada,LOC,1
Thervingia,LOC,1
Laletania,LOC,1
Ceret,LOC,1
Puigcerdá,LOC,1
Maiorino,LOC,1
Roussillón,ORG,1
Vilain-,ORG,1
Híspalis,LOC,1
Narbonense,LOC,1
Cayla,ORG,1
Pompeia,LOC,1
Ampolla,ORG,1
Portus,LOC,1
Noya,LOC,1
Rabia,LOC,1
Cervaria,LOC,1
Amadises,ORG,1
Rávena,LOC,1
Palmarines,ORG,1
Britania,LOC,1
Mosela,LOC,1
Anaxartea,LOC,1
Corduba,LOC,1
Aelia-Capitolina,LOC,1
Biguera,ORG,1
Neo-Cesárea,LOC,1
Antinópolis,LOC,1
Apollonia,LOC,1
Smyrna,LOC,1
Calatrava,ORG,1
Asella,LOC,1
Caldeos,LOC,1
Pontia,LOC,1
DIO,ORG,1
Blesilla,LOC,1
Salamina,LOC,1
Natividad,LOC,1
Appia,LOC,1
Brindisi,LOC,1
Cinismo,ORG,1
Pulcheria,LOC,1
Trasimeno,LOC,1
Presse,ORG,1
Parsis,ORG,1
Salmantica,LOC,1
Ferraria,LOC,1
Cumas,LOC,1
Porta,LOC,1
Catica,LOC,1
Pedreja,LOC,1
Gallaeca,LOC,1
Ylerda,LOC,1
Lusones,LOC,1
Pintia,LOC,1
Uxama,LOC,1
Epasto-Pacieco,LOC,1
United,ORG,1
Voltoya,LOC,1
Culón,ORG,1
Oasaubon,LOC,1
Dependencia,LOC,1
Navacerrada,LOC,1
Duratón,LOC,1
Riaza,LOC,1
Fonfría,LOC,1
Agucin,LOC,1
Arevaca,LOC,1
Ritona,ORG,1
Peñalara,LOC,1
Aquam,LOC,1
Torregorda,ORG,1
Columela,LOC,1
Mavia,LOC,1
Peñafiel,LOC,1
Burgo,LOC,1
Masdeu,ORG,1
Termantia,LOC,1
Balcanes,LOC,1
Muro,LOC,1
Malek-Adel,ORG,1
Tyresia,LOC,1
Urzante,LOC,1
Torció,LOC,1
Mimbreras,ORG,1
Turiasonense,LOC,1
Mallén,LOC,1
UD,ORG,1
Mequinenza,LOC,1
Corella,LOC,1
Bárdena,LOC,1
Tras-el-Puente,LOC,1
Averno,LOC,1
Calamis,LOC,1
Miseno,LOC,1
Fornoza,ORG,1
Lusitana,LOC,1
Bargusia,LOC,1
Pyorhón,LOC,1
Elensis,LOC,1
Catalina,ORG,1
Sindostán,LOC,1
Murchante,LOC,1
Lugus,LOC,1
Arandilla,LOC,1
Olínico,LOC,1
Sulpicia,LOC,1
Katu'l-Kerim,ORG,1
Vinaixa,LOC,1
Eb-Chalib,ORG,1
Lutia,LOC,1
Vergium,LOC,1
Castace,LOC,1
Ategna,LOC,1
Atlante,ORG,1
Fontellas,LOC,1
Malón,LOC,1
Novallas,LOC,1
Vellegia,LOC,1
Lascut,LOC,1
Muela,LOC,1
Doncellica,ORG,1
Murias,LOC,1
Ginebra,LOC,1
Heidelberg,LOC,1
Majadahonda,LOC,1
Mancha!—exclamaron,LOC,1
Alfarache,LOC,1
Barcena,LOC,1
Andaman,LOC,1
Gri-cualandia,LOC,1
Beaconsfield,LOC,1
Canaan,LOC,1
Basutolan-dia,LOC,1
Morija,LOC,1
Amarren,LOC,1
Idolatra,LOC,1
Tarantaal,LOC,1
Fife,LOC,1
Saxe,LOC,1
Northumberland,LOC,1
castilla,LOC,1
Peninsula,LOC,1
Sevilla!—balbuceó,LOC,1
Soconusco,LOC,1
Goatemala,LOC,1
Lepanto,LOC,1
lisongera,LOC,1
Pindo,LOC,1
Pereda,LOC,1
Gitanilla,LOC,1
Ave-Mana,LOC,1
Madrid!—dijo,LOC,1
Rocinante,LOC,1
Unid,LOC,1
Meazi,LOC,1
Granburgo,LOC,1
Garden-Loock,LOC,1
Valvidrera,LOC,1
Morral,LOC,1
-Madrid,LOC,1
Romualdo,LOC,1
Remigia,LOC,1
Narbonne,LOC,1
Troyano,LOC,1
Granollers,LOC,1
Torrecilla,LOC,1
Cavia,LOC,1
Ortega-Munilla,LOC,1
canturia,LOC,1
Cañogroso,LOC,1
Anranda,LOC,1
Uzindya,LOC,1
Yhanguiro,LOC,1
Hube,LOC,1
Sinyanga,LOC,1
Usagara,LOC,1
Ruán,LOC,1
Barbaridad,LOC,1
Renada,LOC,1
Tirria,LOC,1
Geniecillo,LOC,1
Samoa,LOC,1
Brandfort,LOC,1
Modderfontein,LOC,1
Reddesburgo,LOC,1
Bir-mingham,LOC,1
Damaralandia,LOC,1
Bechualandia,LOC,1
Torbellinos,LOC,1
Fontein,LOC,1
Beira,LOC,1
Coventry,LOC,1
Crouje,LOC,1
Granel,LOC,1
Panamá,LOC,1
Glancoe,LOC,1
Hondonada,LOC,1
Labouchere,LOC,1
Wynd-ham,LOC,1
Jhoan-nesburgo,LOC,1
Belge,LOC,1
Palla,LOC,1
Inglatera,LOC,1
Vaud,LOC,1
Soleure,LOC,1
Neuchatel,LOC,1
Valais,LOC,1
Asidlo,LOC,1
Relucian,LOC,1
Serbelloné,LOC,1
Calabria,LOC,1
Mont-Merlan,LOC,1
Malhaya,LOC,1
Val-Sainte,LOC,1
Montvon,LOC,1
cartuja,LOC,1
Izóse,LOC,1
Hamete,LOC,1
Pavia,LOC,1
Alcala,LOC,1
Alejandria,LOC,1
España!—exclamó,LOC,1
Escócia,LOC,1
Clori,LOC,1
Strasbourg,LOC,1
Matiella,LOC,1
Veranillo,LOC,1
Begonia,LOC,1
Valdiñón,LOC,1
Casóse,LOC,1
Improba,LOC,1
Crée,LOC,1
Campoamor,LOC,1
Nazaret,LOC,1
Vallieres,LOC,1
Polichinela,LOC,1
Montemayor,LOC,1
Rehusais,LOC,1
Losé,LOC,1
Ricamente,LOC,1
Portugal!—repitió,LOC,1
Borraria,LOC,1
Turquesea,LOC,1
Rila,LOC,1
Ocrata,LOC,1
Setuval,LOC,1
Campomayor,LOC,1
Residia,LOC,1
Castañeda—no,LOC,1
SAN,LOC,1
Abdaharramen,LOC,1
lozania,LOC,1
Portalegre,LOC,1
Cubria,LOC,1
Uchalí,LOC,1
Uquindu,LOC,1
Mantua,LOC,1
Estribaba,LOC,1
Alderete,LOC,1
Pachero,LOC,1
Albambra,LOC,1
Alumbrábala,LOC,1
Nicosia,LOC,1
fingersi,LOC,1
Galas,LOC,1
Kara-Kodja,LOC,1
Educose,LOC,1
Rocca,LOC,1
Sulmona,LOC,1
Obraba,LOC,1
Favignana,LOC,1
Saliole,LOC,1
Doria,LOC,1
Piamontesa,LOC,1
Tocole,LOC,1
Sanjac,LOC,1
Conmovió,LOC,1
Maduraba,LOC,1
Agora,LOC,1
Villamediana,LOC,1
Benabarre,LOC,1
Sepúlveda,LOC,1
Sessa,LOC,1
Córdoba-,LOC,1
Cuatralbos,LOC,1
Fortaleza,LOC,1
Afectole,LOC,1
Scala-Coeli,LOC,1
Hassen,LOC,1
Saldaña,LOC,1
Lerma,LOC,1
Estimole,LOC,1
Ureña,LOC,1
Encontrole,LOC,1
Abrantes,LOC,1
Alabole,LOC,1
Orjiba,LOC,1
Bib-el-Bonut,LOC,1
Cancillería,LOC,1
Ujíjar,LOC,1
Lecújar,LOC,1
Orgiva,LOC,1
Canilles,LOC,1
Cantoria,LOC,1
Terque,LOC,1
Santafé,LOC,1
Almanzores,LOC,1
Abenhumeyas,LOC,1
Ugíjar,LOC,1
Poqueira,LOC,1
Verdinegro,LOC,1
Montreal,LOC,1
Niama,LOC,1
Henos,LOC,1
Caracolilia,LOC,1
Caracolillo,LOC,1
Avyla,LOC,1
Vitorio,LOC,1
Calleja,LOC,1
Locum,LOC,1
Posada,LOC,1
Villadenmedio,LOC,1
Consuelda,LOC,1
Municipalidad,LOC,1
Muradel,LOC,1
Tajuelo,LOC,1
Arancel,LOC,1
Pulgar,LOC,1
Patronato,LOC,1
Caleruela,LOC,1
Preguntole,LOC,1
Arrás,LOC,1
Avré,LOC,1
Straten,LOC,1
Segorbe,LOC,1
Fabera,LOC,1
Castellemare,LOC,1
Vegoven,LOC,1
Egipcíaca,LOC,1
Havrey,LOC,1
-Lerdo,LOC,1
Condescendió,LOC,1
Esquilmo,LOC,1
Palomeras,LOC,1
Heraclia,LOC,1
Castrover-de,LOC,1
Madrigall,LOC,1
Villafafila,LOC,1
Leicester,LOC,1
Aldonsa,LOC,1
Diezmaba,LOC,1
Bourges,LOC,1
Osorno,LOC,1
Civita,LOC,1
Vecchia,LOC,1
Wessel,LOC,1
Westfalia,LOC,1
Potsdam,LOC,1
Baviera,LOC,1
Raída,LOC,1
Residía,LOC,1
Borbón-Lorena,LOC,1
Normandía,LOC,1
Guyornarch,LOC,1
Erispol,LOC,1
Saint-Ouen,LOC,1
Pernies,LOC,1
Escotada,LOC,1
Pundonor,LOC,1
Poliphéme,LOC,1
Tentó,LOC,1
Rouen,LOC,1
Quemadero,LOC,1
Midyezi,LOC,1
Macumu,LOC,1
Njudsu,LOC,1
Nsano,LOC,1
Carulia,LOC,1
Viaculia,LOC,1
Niyera,LOC,1
Mizcaga,LOC,1
harén,LOC,1
Quiganza,LOC,1
Rubuca,LOC,1
Asato,LOC,1
Alstadt,LOC,1
Frotté,LOC,1
Tik-Nay,LOC,1
Ecuatoria,LOC,1
Yambuya,LOC,1
Tenerife,LOC,1
Ufipa,LOC,1
Mozambique,LOC,1
Bazungu,LOC,1
Varennes,LOC,1
Crossen,LOC,1
Calila,LOC,1
Leipzig,LOC,1
Corcubión,LOC,1
Loriga,LOC,1
Pésanme,LOC,1
Mengano,LOC,1
Urca,LOC,1
Scyla,LOC,1
Cerbera,LOC,1
Tornavacas,LOC,1
Mulhberg,LOC,1
Despertole,LOC,1
Mirole,LOC,1
Moraba,LOC,1
Chinela,LOC,1
Ceilán,LOC,1
Cabezón,LOC,1
Amábala,LOC,1
Aposentábase,LOC,1
Diósela,LOC,1
Holgaba,LOC,1
Portugalete,LOC,1
Sinople,LOC,1
Hoche,LOC,1
Pléneuf,LOC,1
Ravenheim,LOC,1
Mittau,LOC,1
Latona,LOC,1
Charette,LOC,1
Trianones,LOC,1
Resistencia,LOC,1
Brezé,LOC,1
Amohaza,LOC,1
Santaló,LOC,1
Caninia,LOC,1
Moncloa,LOC,1
Madrugué,LOC,1
Malboroug,LOC,1
Monceaux,LOC,1
Jorge-Juan,LOC,1
Fusia,LOC,1
Pirrimplín,LOC,1
Seijo,LOC,1
Cuadrado,LOC,1
Cabana,LOC,1
Leiden,LOC,1
Noreste,LOC,1
Cíclades,LOC,1
Lesbos,LOC,1
Ossa,LOC,1
Gorriya,LOC,1
Estrechaba,LOC,1
Mesopotamia,LOC,1
Puzol,LOC,1
Olla,LOC,1
Fuele,LOC,1
Platavieja,LOC,1
Algar,LOC,1
Birmania,LOC,1
Cobo,LOC,1
Fonseca,LOC,1
Ramoncillo,LOC,1
Estefanía,LOC,1
Chocaba,LOC,1
Ogigia,LOC,1
Château-Margaux,LOC,1
Fígaro,LOC,1
Asmodeo,LOC,1
Ansorena,LOC,1
Salvatierra,LOC,1
Guichón,LOC,1
Ohio,LOC,1
Aventino,LOC,1
Cambodge,LOC,1
Conchinchina,LOC,1
Tam-Sam,LOC,1
Santillana,LOC,1
Reguera,LOC,1
Meissonnier,LOC,1
Pradilla,LOC,1
Delaroche,LOC,1
Beauvais,LOC,1
Oiquina,LOC,1
Loyola,LOC,1
Urola,LOC,1
Juin-Torrea,LOC,1
Azcoitia,LOC,1
Villarreal,LOC,1
Porrque,LOC,1
Itálica,LOC,1
Córrdoba,LOC,1
Alcorrcón,LOC,1
Chinchilla,LOC,1
Château-Laffite,LOC,1
Caverna,LOC,1
Gumiel,LOC,1
Serpcosca,LOC,1
coscoja,LOC,1
Arzobispado,LOC,1
Salzburgo,LOC,1
Amasá,LOC,1
Naxos,LOC,1
Toulon,LOC,1
Malec-Adel,LOC,1
Cintias,LOC,1
Siquén,LOC,1
Amón,LOC,1
Tuva,LOC,1
Dióspolis,LOC,1
Libusa,LOC,1
Mambré,LOC,1
Mairena,LOC,1
Bajbiana,LOC,1
Estrenaba,LOC,1
Madrid—dijo,LOC,1
Sotolargo,LOC,1
Sauterne,LOC,1
Margaux,LOC,1
Espezaba,LOC,1
Navalperal,LOC,1
Gazpacho,LOC,1
Moralicen,LOC,1
Rodéanlas,LOC,1
Madariaga,LOC,1
Cortad,LOC,1
Pava,LOC,1
Mayeux,LOC,1
Tiburcia-,LOC,1
Azais,LOC,1
Tetrarca,LOC,1
Bidasoa,LOC,1
Asina,LOC,1
Distaba,LOC,1
Májimo,LOC,1
CINQ-MARS,LOC,1
LARRA,LOC,1
valdivia,LOC,1
Coronan,LOC,1
Egida,LOC,1
Yarey,LOC,1
-Chubasco,LOC,1
Portvendres,LOC,1
Villamare,LOC,1
Peru,LOC,1
Giralda-,LOC,1
Perneo,LOC,1
Notre,LOC,1
Tiburciomé,LOC,1
COLEGIO,LOC,1
Condena,LOC,1
paish,LOC,1
arambel,LOC,1
Thecel,LOC,1
L'Epée,LOC,1
Montalbán,LOC,1
Ubrique,LOC,1
Roche-Foucauld,LOC,1
Lazaroni,LOC,1
Vestia,LOC,1
Blanc,LOC,1
Saint-Gilles,LOC,1
AOSTA,LOC,1
Calvaire,LOC,1
Bordighera,LOC,1
Veragua,LOC,1
Linden,LOC,1
Córrrdoba,LOC,1
Marsellesa,LOC,1
Lyormaise,LOC,1
Mañara,LOC,1
Biarrriz,LOC,1
Morrreno,LOC,1
Iztúrrriz,LOC,1
Parrrís,LOC,1
Budapest,LOC,1
Bayaceto,LOC,1
Ispaham,LOC,1
Chambord,LOC,1
Boston,LOC,1
Alsasua,LOC,1
Vevey,LOC,1
Mata,LOC,1
Sarahíl,LOC,1
Pera,LOC,1
Medinacelis,LOC,1
Currita-,LOC,1
Generala-,LOC,1
Vime,LOC,1
Ursulina,LOC,1
Encaminéme,LOC,1
Peninsular,LOC,1
Asomaban,LOC,1
Camponegro,LOC,1
Frousac,LOC,1
Gorbea,LOC,1
Catañalzor,LOC,1
Bristol,LOC,1
Coronaba,LOC,1
Consuelo,LOC,1
Valparaíso,LOC,1
Dublín,LOC,1
Española,LOC,1
GUARDIA,LOC,1
Cartelas,LOC,1
Humilló,LOC,1
Habana-,LOC,1
Recitó,LOC,1
Terciaba,LOC,1
Obdulias,LOC,1
Artela,LOC,1
Carraspiques,LOC,1
Vegallanas,LOC,1
Lais,LOC,1
Brighton,LOC,1
Recibiole,LOC,1
Llana,LOC,1
Madrejón,LOC,1
Alcubilla,LOC,1
Metz,LOC,1
Sebastopol,LOC,1
Mandaban,LOC,1
Ronzal-,LOC,1
Calepino,LOC,1
Lindoro,LOC,1
Anita-,LOC,1
Baden,LOC,1
Abul-Casen,LOC,1
Castalia,LOC,1
Lepijo,LOC,1
Higia,LOC,1
Filis,LOC,1
Galatea,LOC,1
Serendib,LOC,1
Saba,LOC,1
Alamar,LOC,1
Nazarita,LOC,1
Montoro,LOC,1
navaja»-,LOC,1
Benamejí,LOC,1
Prouhdon,LOC,1
Catay,LOC,1
Bese,LOC,1
Dante,LOC,1
Camarena,LOC,1
Enjuto,LOC,1
Elvirita,LOC,1
Custodio-,LOC,1
Caserón,LOC,1
Magistral-,LOC,1
Pardiez,LOC,1
Suum,LOC,1
Vistalegre,LOC,1
Celonio,LOC,1
Belem,LOC,1
Suñera,LOC,1
Cautela,LOC,1
Pumarada,LOC,1
Chusquin,LOC,1
Madrugaba,LOC,1
Barinaga-,LOC,1
Guimarán,LOC,1
Tecum,LOC,1
Alleluia,LOC,1
Bethlehem,LOC,1
Orgaz-,LOC,1
Foja,LOC,1
Manterola,LOC,1
Sudaban,LOC,1
Cañedo,LOC,1
Washingtonia,LOC,1
Villafranca,LOC,1
Rectoral,LOC,1
Sevillano,LOC,1
Atenea,LOC,1
Coliseo,LOC,1
catalunga,LOC,1
Vespucio,LOC,1
Metrópoli,LOC,1
Sudaba,LOC,1
Río-Janeiro,LOC,1
Envainad,LOC,1
Guyena,LOC,1
Ugarra,LOC,1
Londoño,LOC,1
Bernueces,LOC,1
Otela,LOC,1
Colorado,LOC,1
Orchamus-,LOC,1
Pareció,LOC,1
Valcárceles,LOC,1
Champaña,LOC,1
Aragónés,LOC,1
Edgadara,LOC,1
Madagascar,LOC,1
Bañaba,LOC,1
Villana,LOC,1
Navarras,LOC,1
Escolástica,LOC,1
Circun,LOC,1
Sesma,LOC,1
Navarrería,LOC,1
Leire,LOC,1
Lerínes,LOC,1
Santidad,LOC,1
Acuña,LOC,1
Tercia,LOC,1
Moscovia,LOC,1
Asaz,LOC,1
Estromera,LOC,1
Aníceta,LOC,1
Anieeta,LOC,1
Onoíre,LOC,1
Yalverdel,LOC,1
Vivel,LOC,1
Cobrada,LOC,1
Valverdo,LOC,1
Almaviva,LOC,1
Nadu,LOC,1
Bespeta,LOC,1
Beñor,LOC,1
Yenía,LOC,1
Frendesval,LOC,1
Cavó,LOC,1
Peñalosa,LOC,1
Valenzuela,LOC,1
Porcuna,LOC,1
Tubalcaín,LOC,1
Berlanga,LOC,1
Lesmes,LOC,1
Miraflores,LOC,1
Abarca,LOC,1
Villaperdida,LOC,1
Loilia,LOC,1
Mafinna,LOC,1
Sixtina,LOC,1
Minghetti-,LOC,1
Papiniano,LOC,1
Sariego,LOC,1
Hortalcza,LOC,1
Tonda,LOC,1
Iránsnochador,LOC,1
Cueute,LOC,1
Leso,LOC,1
Brie,LOC,1
Tibia,LOC,1
Aniseta,LOC,1
Estiba,LOC,1
Villagarcia,LOC,1
Civitella,LOC,1
Tolerad,LOC,1
Peñaflor,LOC,1
Valdecalzanas,LOC,1
Valle-de-Olid,LOC,1
Augsburgo,LOC,1
Calatrao,LOC,1
Princípe,LOC,1
Montigay,LOC,1
Segóvia,LOC,1
Thionville,LOC,1
Termes,LOC,1
Pierre-Pont,LOC,1
Cambresis,LOC,1
-Aragonés,LOC,1
Piali,LOC,1
Lajas,LOC,1
Esplanada,LOC,1
Monjuí,LOC,1
Borne,LOC,1
Palidece,LOC,1
SANDOVAL,LOC,1
Covent-Garden,LOC,1
Scala,LOC,1
Valenciennes,LOC,1
Llosía,LOC,1
Mediaran,LOC,1
abrais,LOC,1
Miramamolin,LOC,1
leia,LOC,1
Gesbec,LOC,1
Dismunda,LOC,1
Nieuport,LOC,1
Cifuentes,LOC,1
Acaudillaba,LOC,1
Cordera,LOC,1
Reocín,LOC,1
Mercadal,LOC,1
Aguijoneado,LOC,1
Vargas,LOC,1
Zaragoza.--Ldo,LOC,1
Medrano.--Dr,LOC,1
Coscon,LOC,1
Albarderia,LOC,1
Villa-Hermosa,LOC,1
Moriz,LOC,1
Vianem,LOC,1
Setentrional,LOC,1
Muley-Abdallá,LOC,1
Voorn,LOC,1
Dordrecht,LOC,1
Roterdam,LOC,1
Países-Bajos,LOC,1
Montigny,LOC,1
Veia,LOC,1
Henao,LOC,1
Andalucia,LOC,1
Alí-Albucacem,LOC,1
Coronada,LOC,1
Hainanlt,LOC,1
Enardecido,LOC,1
Demer,LOC,1
Ullloa,LOC,1
víctirna,LOC,1
Leide,LOC,1
Pasare,LOC,1
barahunda,LOC,1
Oscilaba,LOC,1
Ulua,LOC,1
Peinábase,LOC,1
Ráfagas,LOC,1
Campeche,LOC,1
Señoreaba,LOC,1
Rogome,LOC,1
Tlacotalpan,LOC,1
Tegusco,LOC,1
Tornaba,LOC,1
Colima,LOC,1
Tábano,LOC,1
Arregui,LOC,1
Torrelodones,LOC,1
Becerrea,LOC,1
Langreo,LOC,1
Dominicana,LOC,1
Ulúa,LOC,1
Teudiselo,LOC,1
Chintila,LOC,1
Pampliega,LOC,1
Valle-,LOC,1
Belona,LOC,1
Alarcos,LOC,1
Marne,LOC,1
Capricornio,LOC,1
Géminis,LOC,1
Sagitario,LOC,1
Albarracín,LOC,1
Fontibre,LOC,1
Languedoc,LOC,1
Narbona,LOC,1
Médanos,LOC,1
Recelé,LOC,1
Portugués,LOC,1
Palos,LOC,1
Guanahani,LOC,1
Golconda,LOC,1
Menorca,LOC,1
Lorca,LOC,1
Candela,LOC,1
Moria,LOC,1
Venia,LOC,1
Maldijo,LOC,1
Vara,LOC,1
sabaya,LOC,1
Necesitaria,LOC,1
Nanca,LOC,1
Esplica,LOC,1
Tomais,LOC,1
Mandarán,LOC,1
Corintho,LOC,1
Valdivias,LOC,1
Merendaba,LOC,1
Correo,LOC,1
Diputación,LOC,1
Valdeorras,LOC,1
Benferro,LOC,1
weisen,LOC,1
Colombo,LOC,1
Etiopía,LOC,1
Olerlo,LOC,1
Pareciole,LOC,1
Berghem,LOC,1
Casa-Panadería,LOC,1
Oyoles,LOC,1
Amorraba,LOC,1
Nazcan,LOC,1
Acubilla,LOC,1
Belfort,LOC,1
Padecí,LOC,1
Quito,LOC,1
Aguavelada,LOC,1
Gudesteo,LOC,1
Castillejo,LOC,1
Sardiñeira,LOC,1
Nazaritas,LOC,1
Almonacid,LOC,1
Selim-el-Achmet,LOC,1
Bibrambla,LOC,1
Montonto,LOC,1
Frascuelo,LOC,1
Atarés,LOC,1
Morro,LOC,1
Eton,LOC,1
Dover,LOC,1
Olivo,LOC,1
Ballesta,LOC,1
-Honrada,LOC,1
Cogiola,LOC,1
Tiembla,LOC,1
Perpiñá,LOC,1
Delgada,LOC,1
Ballester-,LOC,1
Abur,LOC,1
Cava-Alta,LOC,1
Arcola,LOC,1
Lupe,LOC,1
Dura-,LOC,1
Encontrola,LOC,1
Gozo,LOC,1
Mazarelos,LOC,1
Pedreguera,LOC,1
Lacia,LOC,1
Hayamos,LOC,1
Serrata,LOC,1
Mazarrón,LOC,1
BUS,LOC,1
Hallase,LOC,1
Noria,LOC,1
Irritábase,LOC,1
Escandinavia,LOC,1
Espigó,LOC,1
Gitana,LOC,1
Malagón,LOC,1
Lwe-go,LOC,1
apuezto,LOC,1
Cambíamelo,LOC,1
EnTriana,LOC,1
Jara-gn,LOC,1
Bazta,LOC,1
Tablatello,LOC,1
Amés,LOC,1
Cabreiros,LOC,1
Souto,LOC,1
Cardeña,LOC,1
Cogulla,LOC,1
Padrón,LOC,1
Padronelo,LOC,1
Tamboga,LOC,1
mi—respondía,LOC,1
Espinosas,LOC,1
Scherazade,LOC,1
Esculles,LOC,1
Tirol,LOC,1
-»Allá,LOC,1
Solimán-el-Acmet,LOC,1
Alí-Belim,LOC,1
Aviado,LOC,1
Bailly-Baillière,LOC,1
Madrás,LOC,1
Masarnau,LOC,1
Shangai,LOC,1
Vasco,LOC,1
Coronado,LOC,1
Carcabuey,LOC,1
Repugna,LOC,1
Gárgaro,LOC,1
Juana-,LOC,1
Valencia-,LOC,1
Argamasillesca,LOC,1
Nobleza,LOC,1
murcia,LOC,1
Cambrí,LOC,1
Moreno-Vallejo,LOC,1
Maldonadas,LOC,1
Tibidabo,LOC,1
Torrero,LOC,1
Oyose,LOC,1
Bayeta,LOC,1
Daganzo,LOC,1
Casa-Trujillo,LOC,1
Cochinchina,LOC,1
Cabrales,LOC,1
Tejera,LOC,1
Osmunda-,LOC,1
Aravaca,LOC,1
Torrellas,LOC,1
Torquemada,LOC,1
Tardecillo,LOC,1
Arango,LOC,1
Coria,LOC,1
Gozosa,LOC,1
Reniegue,LOC,1
escocia,LOC,1
Montemuru,LOC,1
Loterías,LOC,1
Zarzuela-,LOC,1
Hindostán,LOC,1
noria,LOC,1
Guetaria,LOC,1
Alcaraz,LOC,1
Traviatta,LOC,1
braserón,LOC,1
Barcia,LOC,1
Españita,LOC,1
Saint-Emilion,LOC,1
Tarancón,LOC,1
-Aparisi,LOC,1
Turégano,LOC,1
Tocaya,LOC,1
Tumban,LOC,1
Mareaba,LOC,1
Alcarria,LOC,1
Huelva,LOC,1
Achacaba,LOC,1
Coca,LOC,1
Putona,LOC,1
Bicerra,LOC,1
Ahola,LOC,1
Aries,LOC,1
Laffite,LOC,1
guigne,LOC,1
Quelle,LOC,1
Dauphine,LOC,1
Teheran,LOC,1
Ponto-Euxino,LOC,1
Pasagarda,LOC,1
Sasanidas,LOC,1
Bombay,LOC,1
Platea,LOC,1
Paros,LOC,1
Grille,LOC,1
Rouge,LOC,1
Cabourg,LOC,1
Folies-Marigny,LOC,1
Neuilly,LOC,1
Sorero,LOC,1
Medel,LOC,1
Espació,LOC,1
Faye,LOC,1
Decauville,LOC,1
Guayabo,LOC,1
Fuentabra,LOC,1
Estravióse,LOC,1
Ganga,LOC,1
Luqsor,LOC,1
Eibar,LOC,1
-París,LOC,1
Marché,LOC,1
Sarasate,LOC,1
Salope,LOC,1
Cambon,LOC,1
Neurasthénie,LOC,1
Tánger,LOC,1
Virchow-,LOC,1
Palmira,LOC,1
ginebra,LOC,1
beatona,LOC,1
Decoraba,LOC,1
Cristobo,LOC,1
Leria,LOC,1
Balcón,LOC,1
Ciminicerra,LOC,1
Enga,LOC,1
cripta,LOC,1
Aguada,LOC,1
circunvecina,LOC,1
villita,LOC,1
Leiro,LOC,1
Limioso-,LOC,1
Peruchón,LOC,1
Meridional,LOC,1
Bonete,LOC,1
Orejón,LOC,1
Gravina-,LOC,1
Dumanoir-,LOC,1
Mejicana,LOC,1
Torno,LOC,1
Valdés,LOC,1
Ezguerra,LOC,1
Plymouth,LOC,1
Pince,LOC,1
Cretina,LOC,1
Agueda,LOC,1
Rusa,LOC,1
Polar,LOC,1
Vorrei,LOC,1
Guatemala,LOC,1
Guatepeor,LOC,1
Bellegarde,LOC,1
Ulm,LOC,1
Engo,LOC,1
-Mayoral,LOC,1
Eladia,LOC,1
Turbábase,LOC,1
Economizaba,LOC,1
Cicatrizaba,LOC,1
Aplacole,LOC,1
Cerciorábase,LOC,1
Toldaba,LOC,1
Iolos,LOC,1
Tiedra,LOC,1
Gu-temberg,LOC,1
Villafáfila,LOC,1
Noosbasta,LOC,1
Valdescorrieles,LOC,1
Madridl,LOC,1
Recusó,LOC,1
Vicálvaro,LOC,1
Ontoria,LOC,1
Merindad,LOC,1
Leza,LOC,1
Elorza,LOC,1
Ergoy,LOC,1
Ilega,LOC,1
Oroquieta,LOC,1
Consigne,LOC,1
Garci-Fernandez,LOC,1
Envistió,LOC,1
Beg-al-Korax,LOC,1
Apoca,LOC,1
Kaleb-el-Julani,LOC,1
Deyanira,LOC,1
Ahmet-ebn-Sayd,LOC,1
Mojanmet-ebn-abi-Amer-Almanzor,LOC,1
Mudaría,LOC,1
Felonía,LOC,1
Arabiana,LOC,1
Peña-Maldita,LOC,1
Peña-Santa,LOC,1
Al-Madhi-bi-laj,LOC,1
Hescham,LOC,1
Hiram-el-Saleki,LOC,1
Adobar,LOC,1
gavan,LOC,1
Jucef-ebn-Otsman,LOC,1
Arévalo,LOC,1
Lamprea,LOC,1
Almendralejo,LOC,1
Quintañona,LOC,1
Lelia,LOC,1
Hahan,LOC,1
rambla,LOC,1
Nogueit,LOC,1
Constantinia,LOC,1
Mojahmet-ebn-Abi-Amer-Almanzor,LOC,1
al-Manssur,LOC,1
Hariza,LOC,1
Ayela,LOC,1
Abd-el-Rajman,LOC,1
cenia,LOC,1
Bizcaba,LOC,1
presona,LOC,1
Toral,LOC,1
Entavía,LOC,1
Corvillo,LOC,1
Encarna,LOC,1
Sobraba,LOC,1
Quimbambas,LOC,1
Lívida,LOC,1
Lanzagorta-,LOC,1
Casino-,LOC,1
Negaba,LOC,1
Corral,LOC,1
Gibraleón,LOC,1
Belmonte,LOC,1
Adelia,LOC,1
Ilesa,LOC,1
Anie,LOC,1
Erale,LOC,1
Gozaba,LOC,1
Mundano,LOC,1
Arago,LOC,1
Irma,LOC,1
Sobró,LOC,1
Laveran,LOC,1
plage.-Biarritz,LOC,1
Tamaris.-Biarritz,LOC,1
Rocherd,LOC,1
Vierge.-,LOC,1
Grata,LOC,1
-Sidoro,LOC,1
Sidoro,LOC,1
Miremont,LOC,1
Reus,LOC,1
Anabitarte,LOC,1
Ganábanle,LOC,1
Rivernoit,LOC,1
Malecón,LOC,1
Risco,LOC,1
Cala,LOC,1
Aljibes,LOC,1
-España,LOC,1
Spania,LOC,1
Ampurias,LOC,1
Antigua,LOC,1
Ulterior,LOC,1
Laponia,LOC,1
Rasete,LOC,1
Viven,LOC,1
Arroyo,LOC,1
Ibn-Chalikan,LOC,1
Madrugaría,LOC,1
Aurea,LOC,1
Salinas,LOC,1
Leálo,LOC,1
Maraví,LOC,1
Cabo-Frio,LOC,1
Caillemin,LOC,1
Segada,LOC,1
Aires—dijo,LOC,1
Contuso,LOC,1
Asomada,LOC,1
Nijar,LOC,1
Regalé,LOC,1
Cittó,LOC,1
Hita,LOC,1
blancay,LOC,1
Bali,LOC,1
Vilars,LOC,1
VillafLorida,LOC,1
Aran-juez,LOC,1
Mainte-non,LOC,1
bejaraíio,LOC,1
Ri-vadavia,LOC,1
Esacanalla,LOC,1
Liñana,LOC,1
Pingarrona,LOC,1
Sória,LOC,1
Haria,LOC,1
Saint-Michel,LOC,1
Ponlles,LOC,1
Trepaba,LOC,1
Recostaba,LOC,1
Portugal-,LOC,1
Rugía,LOC,1
Macuba,LOC,1
Rondaba,LOC,1
Salomón,LOC,1
Groenlandia,LOC,1
-Albricias,LOC,1
Gomarra,LOC,1
Iboleón,LOC,1
latania,LOC,1
Mimbral,LOC,1
Guadalmina,LOC,1
Roña,LOC,1
Curdin-Club,LOC,1
Arap-el-Yej,LOC,1
Boulogne,LOC,1
L'Enfer,LOC,1
Hendaya,LOC,1
Foire,LOC,1
Miraílas,LOC,1
Tiró,LOC,1
Reá,LOC,1
Brezo,LOC,1
Comia,LOC,1
Madrugo,LOC,1
Ilabia,LOC,1
Carmencilla,LOC,1
Arnica,LOC,1
Lavadle,LOC,1
Sedan,LOC,1
Vénus,LOC,1
Windsor,LOC,1
Teherán,LOC,1
Casa-Malaña,LOC,1
Amazonas,LOC,1
Puerto-Arcas,LOC,1
Montceaux,LOC,1
Arcas,LOC,1
